image,label
1.jpg,accident
10.jpg,accident
100.jpg,accident
1000.jpg,accident
1001.jpg,accident
1002.jpg,accident
1003.jpg,accident
1004.jpg,accident
1005.jpg,accident
1006.jpg,accident
1007.jpg,accident
1008.jpg,accident
1009.jpg,accident
101.jpg,accident
1010.jpg,accident
1011.jpg,accident
1012.jpg,accident
1013.jpg,accident
1014.jpg,accident
1015.jpg,accident
1016.jpg,accident
1017.jpg,accident
1018.jpg,accident
1019.jpg,accident
102.jpg,accident
1020.jpg,accident
1021.jpg,accident
1022.jpg,accident
1023.jpg,accident
1024.jpg,accident
1025.jpg,accident
1026.jpg,accident
1027.jpg,accident
1028.jpg,accident
1029.jpg,accident
103.jpg,accident
1030.jpg,accident
1031.jpg,accident
1032.jpg,accident
1033.jpg,accident
1034.jpg,accident
1035.jpg,accident
1036.jpg,accident
1037.jpg,accident
1038.jpg,accident
1039.jpg,accident
104.jpg,accident
1040.jpg,accident
1041.jpg,accident
1042.jpg,accident
1043.jpg,accident
1044.jpg,accident
1045.jpg,accident
1046.jpg,accident
1047.jpg,accident
1048.jpg,accident
1049.jpg,accident
105.jpg,accident
1050.jpg,accident
1051.jpg,accident
1052.jpg,accident
1053.jpg,accident
1054.jpg,accident
1055.jpg,accident
1056.jpg,accident
1057.jpg,accident
1058.jpg,accident
1059.jpg,accident
106.jpg,accident
1060.jpg,accident
1061.jpg,accident
1062.jpg,accident
1063.jpg,accident
1064.jpg,accident
1065.jpg,accident
1066.jpg,accident
1067.jpg,accident
1068.jpg,accident
1069.jpg,accident
107.jpg,accident
1070.jpg,accident
1071.jpg,accident
1072.jpg,accident
1073.jpg,accident
1074.jpg,accident
1075.jpg,accident
1076.jpg,accident
1077.jpg,accident
1078.jpg,accident
1079.jpg,accident
108.jpg,accident
1080.jpg,accident
1081.jpg,accident
1082.jpg,accident
1083.jpg,accident
1084.jpg,accident
1085.jpg,accident
1086.jpg,accident
1087.jpg,accident
1088.jpg,accident
1089.jpg,accident
109.jpg,accident
1090.jpg,accident
1091.jpg,accident
1092.jpg,accident
1093.jpg,accident
1094.jpg,accident
1095.jpg,accident
1096.jpg,accident
1097.jpg,accident
1098.jpg,accident
1099.jpg,accident
11.jpg,accident
110.jpg,accident
1100.jpg,accident
1101.jpg,accident
1102.jpg,accident
1103.jpg,accident
1104.jpg,accident
1105.jpg,accident
1106.jpg,accident
1107.jpg,accident
1108.jpg,accident
1109.jpg,accident
111.jpg,accident
1110.jpg,accident
1111.jpg,accident
1112.jpg,accident
1113.jpg,accident
1114.jpg,accident
1115.jpg,accident
1116.jpg,accident
1117.jpg,accident
1118.jpg,accident
1119.jpg,accident
112.jpg,accident
1120.jpg,accident
1121.jpg,accident
1122.jpg,accident
1123.jpg,accident
1124.jpg,accident
1125.jpg,accident
1126.jpg,accident
1127.jpg,accident
1128.jpg,accident
1129.jpg,accident
113.jpg,accident
1130.jpg,accident
1131.jpg,accident
1132.jpg,accident
1133.jpg,accident
1134.jpg,accident
1135.jpg,accident
1136.jpg,accident
1137.jpg,accident
1138.jpg,accident
1139.jpg,accident
114.jpg,accident
1140.jpg,accident
1141.jpg,accident
1142.jpg,accident
1143.jpg,accident
1144.jpg,accident
1145.jpg,accident
1146.jpg,accident
1147.jpg,accident
1148.jpg,accident
1149.jpg,accident
115.jpg,accident
1150.jpg,accident
1151.jpg,accident
1152.jpg,accident
1153.jpg,accident
1154.jpg,accident
1155.jpg,accident
1156.jpg,accident
1157.jpg,accident
1158.jpg,accident
1159.jpg,accident
116.jpg,accident
1160.jpg,accident
1161.jpg,accident
1162.jpg,accident
1163.jpg,accident
1164.jpg,accident
1165.jpg,accident
1166.jpg,accident
1167.jpg,accident
1168.jpg,accident
1169.jpg,accident
117.jpg,accident
1170.jpg,accident
1171.jpg,accident
1172.jpg,accident
1173.jpg,accident
1174.jpg,accident
1175.jpg,accident
1176.jpg,accident
1177.jpg,accident
1178.jpg,accident
1179.jpg,accident
118.jpg,accident
1180.jpg,accident
1181.jpg,accident
1182.jpg,accident
1183.jpg,accident
1184.jpg,accident
1185.jpg,accident
1186.jpg,accident
1187.jpg,accident
1188.jpg,accident
1189.jpg,accident
119.jpg,accident
1190.jpg,accident
1191.jpg,accident
1192.jpg,accident
1193.jpg,accident
1194.jpg,accident
1195.jpg,accident
1196.jpg,accident
1197.jpg,accident
1198.jpg,accident
1199.jpg,accident
12.jpg,accident
120.jpg,accident
1200.jpg,accident
1201.jpg,accident
1202.jpg,accident
1203.jpg,accident
1204.jpg,accident
1205.jpg,accident
1206.jpg,accident
1207.jpg,accident
1208.jpg,accident
1209.jpg,accident
121.jpg,accident
1210.jpg,accident
1211.jpg,accident
1212.jpg,accident
1213.jpg,accident
1214.jpg,accident
1215.jpg,accident
1216.jpg,accident
1217.jpg,accident
1218.jpg,accident
1219.jpg,accident
122.jpg,accident
1220.jpg,accident
1221.jpg,accident
1222.jpg,accident
1223.jpg,accident
1224.jpg,accident
1225.jpg,accident
1226.jpg,accident
1227.jpg,accident
1228.jpg,accident
1229.jpg,accident
123.jpg,accident
1230.jpg,accident
1231.jpg,accident
1232.jpg,accident
1233.jpg,accident
1234.jpg,accident
1235.jpg,accident
1236.jpg,accident
1237.jpg,accident
1238.jpg,accident
1239.jpg,accident
124.jpg,accident
1240.jpg,accident
1241.jpg,accident
1242.jpg,accident
1243.jpg,accident
1244.jpg,accident
1245.jpg,accident
1246.jpg,accident
1247.jpg,accident
1248.jpg,accident
1249.jpg,accident
125.jpg,accident
1250.jpg,accident
1251.jpg,accident
1252.jpg,accident
1253.jpg,accident
1254.jpg,accident
1255.jpg,accident
1256.jpg,accident
1257.jpg,accident
1258.jpg,accident
1259.jpg,accident
126.jpg,accident
1260.jpg,accident
1261.jpg,accident
1262.jpg,accident
1263.jpg,accident
1264.jpg,accident
1265.jpg,accident
1266.jpg,accident
1267.jpg,accident
1268.jpg,accident
1269.jpg,accident
127.jpg,accident
1270.jpg,accident
1271.jpg,accident
1272.jpg,accident
1273.jpg,accident
1274.jpg,accident
1275.jpg,accident
1276.jpg,accident
1277.jpg,accident
1278.jpg,accident
1279.jpg,accident
128.jpg,accident
1280.jpg,accident
1281.jpg,accident
1282.jpg,accident
1283.jpg,accident
1284.jpg,accident
1285.jpg,accident
1286.jpg,accident
1287.jpg,accident
1288.jpg,accident
1289.jpg,accident
129.jpg,accident
1290.jpg,accident
1291.jpg,accident
1292.jpg,accident
1293.jpg,accident
1294.jpg,accident
1295.jpg,accident
1296.jpg,accident
1297.jpg,accident
1298.jpg,accident
1299.jpg,accident
13.jpg,accident
130.jpg,accident
1300.jpg,accident
1301.jpg,accident
1302.jpg,accident
1303.jpg,accident
1304.jpg,accident
1305.jpg,accident
1306.jpg,accident
1307.jpg,accident
1308.jpg,accident
1309.jpg,accident
131.jpg,accident
1310.jpg,accident
1311.jpg,accident
1312.jpg,accident
1313.jpg,accident
1314.jpg,accident
1315.jpg,accident
1316.jpg,accident
1317.jpg,accident
1318.jpg,accident
1319.jpg,accident
132.jpg,accident
1320.jpg,accident
1321.jpg,accident
1322.jpg,accident
1323.jpg,accident
1324.jpg,accident
1325.jpg,accident
1326.jpg,accident
1327.jpg,accident
1328.jpg,accident
1329.jpg,accident
133.jpg,accident
1330.jpg,accident
1331.jpg,accident
1332.jpg,accident
1333.jpg,accident
1334.jpg,accident
1335.jpg,accident
1336.jpg,accident
1337.jpg,accident
1338.jpg,accident
1339.jpg,accident
134.jpg,accident
1340.jpg,accident
1341.jpg,accident
1342.jpg,accident
1343.jpg,accident
1344.jpg,accident
1345.jpg,accident
1346.jpg,accident
1347.jpg,accident
1348.jpg,accident
1349.jpg,accident
135.jpg,accident
1350.jpg,accident
1351.jpg,accident
1352.jpg,accident
1353.jpg,accident
1354.jpg,accident
1355.jpg,accident
1356.jpg,accident
1357.jpg,accident
1358.jpg,accident
1359.jpg,accident
136.jpg,accident
1360.jpg,accident
1361.jpg,accident
1362.jpg,accident
1363.jpg,accident
1364.jpg,accident
1365.jpg,accident
1366.jpg,accident
1367.jpg,accident
1368.jpg,accident
1369.jpg,accident
137.jpg,accident
1370.jpg,accident
1371.jpg,accident
1372.jpg,accident
1373.jpg,accident
1374.jpg,accident
1375.jpg,accident
1376.jpg,accident
1377.jpg,accident
1378.jpg,accident
1379.jpg,accident
138.jpg,accident
1380.jpg,accident
1381.jpg,accident
1382.jpg,accident
1383.jpg,accident
1384.jpg,accident
1385.jpg,accident
1386.jpg,accident
1387.jpg,accident
1388.jpg,accident
1389.jpg,accident
139.jpg,accident
1390.jpg,accident
1391.jpg,accident
1392.jpg,accident
1393.jpg,accident
1394.jpg,accident
1395.jpg,accident
1396.jpg,accident
1397.jpg,accident
1398.jpg,accident
1399.jpg,accident
14.jpg,accident
140.jpg,accident
1400.jpg,accident
1401.jpg,accident
1402.jpg,accident
1403.jpg,accident
1404.jpg,accident
1405.jpg,accident
1406.jpg,accident
1407.jpg,accident
1408.jpg,accident
1409.jpg,accident
141.jpg,accident
1410.jpg,accident
1411.jpg,accident
1412.jpg,accident
1413.jpg,accident
1414.jpg,accident
1415.jpg,accident
1416.jpg,accident
1417.jpg,accident
1418.jpg,accident
1419.jpg,accident
142.jpg,accident
1420.jpg,accident
1421.jpg,accident
1422.jpg,accident
1423.jpg,accident
1424.jpg,accident
1425.jpg,accident
1426.jpg,accident
1427.jpg,accident
1428.jpg,accident
1429.jpg,accident
143.jpg,accident
1430.jpg,accident
1431.jpg,accident
1432.jpg,accident
1433.jpg,accident
1434.jpg,accident
1435.jpg,accident
1436.jpg,accident
1437.jpg,accident
1438.jpg,accident
1439.jpg,accident
144.jpg,accident
1440.jpg,accident
1441.jpg,accident
1442.jpg,accident
1443.jpg,accident
1444.jpg,accident
1445.jpg,accident
1446.jpg,accident
1447.jpg,accident
1448.jpg,accident
1449.jpg,accident
145.jpg,accident
1450.jpg,accident
1451.jpg,accident
1452.jpg,accident
1453.jpg,accident
1454.jpg,accident
1455.jpg,accident
1456.jpg,accident
1457.jpg,accident
1458.jpg,accident
1459.jpg,accident
146.jpg,accident
1460.jpg,accident
1461.jpg,accident
1462.jpg,accident
1463.jpg,accident
1464.jpg,accident
1465.jpg,accident
1466.jpg,accident
1467.jpg,accident
1468.jpg,accident
1469.jpg,accident
147.jpg,accident
1470.jpg,accident
1471.jpg,accident
1472.jpg,accident
1473.jpg,accident
1474.jpg,accident
1475.jpg,accident
1476.jpg,accident
1477.jpg,accident
1478.jpg,accident
1479.jpg,accident
148.jpg,accident
1480.jpg,accident
1481.jpg,accident
1482.jpg,accident
1483.jpg,accident
1484.jpg,accident
1485.jpg,accident
1486.jpg,accident
1487.jpg,accident
1488.jpg,accident
1489.jpg,accident
149.jpg,accident
1490.jpg,accident
1491.jpg,accident
1492.jpg,accident
1493.jpg,accident
1494.jpg,accident
1495.jpg,accident
1496.jpg,accident
1497.jpg,accident
1498.jpg,accident
1499.jpg,accident
15.jpg,accident
150.jpg,accident
1500.jpg,accident
1501.jpg,accident
1502.jpg,accident
1503.jpg,accident
1504.jpg,accident
1505.jpg,accident
1506.jpg,accident
1507.jpg,accident
1508.jpg,accident
1509.jpg,accident
151.jpg,accident
1510.jpg,accident
1511.jpg,accident
1512.jpg,accident
1513.jpg,accident
1514.jpg,accident
1515.jpg,accident
1516.jpg,accident
1517.jpg,accident
1518.jpg,accident
1519.jpg,accident
152.jpg,accident
1520.jpg,accident
1521.jpg,accident
1522.jpg,accident
1523.jpg,accident
1524.jpg,accident
1525.jpg,accident
1526.jpg,accident
1527.jpg,accident
1528.jpg,accident
1529.jpg,accident
153.jpg,accident
1530.jpg,accident
1531.jpg,accident
1532.jpg,accident
1533.jpg,accident
1534.jpg,accident
1535.jpg,accident
1536.jpg,accident
1537.jpg,accident
1538.jpg,accident
1539.jpg,accident
154.jpg,accident
1540.jpg,accident
1541.jpg,accident
1542.jpg,accident
1543.jpg,accident
1544.jpg,accident
1545.jpg,accident
1546.jpg,accident
1547.jpg,accident
1548.jpg,accident
1549.jpg,accident
155.jpg,accident
1550.jpg,accident
1551.jpg,accident
1552.jpg,accident
1553.jpg,accident
1554.jpg,accident
1555.jpg,accident
1556.jpg,accident
1557.jpg,accident
1558.jpg,accident
1559.jpg,accident
156.jpg,accident
1560.jpg,accident
1561.jpg,accident
1562.jpg,accident
1563.jpg,accident
1564.jpg,accident
1565.jpg,accident
1566.jpg,accident
1567.jpg,accident
1568.jpg,accident
1569.jpg,accident
157.jpg,accident
1570.jpg,accident
1571.jpg,accident
1572.jpg,accident
1573.jpg,accident
1574.jpg,accident
1575.jpg,accident
1576.jpg,accident
1577.jpg,accident
1578.jpg,accident
1579.jpg,accident
158.jpg,accident
1580.jpg,accident
1581.jpg,accident
1582.jpg,accident
1583.jpg,accident
1584.jpg,accident
1585.jpg,accident
1586.jpg,accident
1587.jpg,accident
1588.jpg,accident
1589.jpg,accident
159.jpg,accident
1590.jpg,accident
1591.jpg,accident
1592.jpg,accident
1593.jpg,accident
1594.jpg,accident
1595.jpg,accident
1596.jpg,accident
1597.jpg,accident
1598.jpg,accident
1599.jpg,accident
16.jpg,accident
160.jpg,accident
1600.jpg,accident
1601.jpg,accident
1602.jpg,accident
1603.jpg,accident
1604.jpg,accident
1605.jpg,accident
1606.jpg,accident
1607.jpg,accident
1608.jpg,accident
1609.jpg,accident
161.jpg,accident
1610.jpg,accident
1611.jpg,accident
1612.jpg,accident
1613.jpg,accident
1614.jpg,accident
1615.jpg,accident
1616.jpg,accident
1617.jpg,accident
1618.jpg,accident
1619.jpg,accident
162.jpg,accident
1620.jpg,accident
1621.jpg,accident
1622.jpg,accident
1623.jpg,accident
1624.jpg,accident
1625.jpg,accident
1626.jpg,accident
1627.jpg,accident
1628.jpg,accident
1629.jpg,accident
163.jpg,accident
1630.jpg,accident
1631.jpg,accident
1632.jpg,accident
1633.jpg,accident
1634.jpg,accident
1635.jpg,accident
1636.jpg,accident
1637.jpg,accident
1638.jpg,accident
1639.jpg,accident
164.jpg,accident
1640.jpg,accident
1641.jpg,accident
1642.jpg,accident
1643.jpg,accident
1644.jpg,accident
1645.jpg,accident
1646.jpg,accident
1647.jpg,accident
1648.jpg,accident
1649.jpg,accident
165.jpg,accident
1650.jpg,accident
1651.jpg,accident
1652.jpg,accident
1653.jpg,accident
1654.jpg,accident
1655.jpg,accident
1656.jpg,accident
1657.jpg,accident
1658.jpg,accident
1659.jpg,accident
166.jpg,accident
1660.jpg,accident
1661.jpg,accident
1662.jpg,accident
1663.jpg,accident
1664.jpg,accident
1665.jpg,accident
1666.jpg,accident
1667.jpg,accident
1668.jpg,accident
1669.jpg,accident
167.jpg,accident
1670.jpg,accident
1671.jpg,accident
1672.jpg,accident
1673.jpg,accident
1674.jpg,accident
1675.jpg,accident
1676.jpg,accident
1677.jpg,accident
1678.jpg,accident
1679.jpg,accident
168.jpg,accident
1680.jpg,accident
1681.jpg,accident
1682.jpg,accident
1683.jpg,accident
1684.jpg,accident
1685.jpg,accident
1686.jpg,accident
1687.jpg,accident
1688.jpg,accident
1689.jpg,accident
169.jpg,accident
1690.jpg,accident
1691.jpg,accident
1692.jpg,accident
1693.jpg,accident
1694.jpg,accident
1695.jpg,accident
1696.jpg,accident
1697.jpg,accident
1698.jpg,accident
1699.jpg,accident
17.jpg,accident
170.jpg,accident
1700.jpg,accident
1701.jpg,accident
1702.jpg,accident
1703.jpg,accident
1704.jpg,accident
1705.jpg,accident
1706.jpg,accident
1707.jpg,accident
1708.jpg,accident
1709.jpg,accident
171.jpg,accident
1710.jpg,accident
1711.jpg,accident
1712.jpg,accident
1713.jpg,accident
1714.jpg,accident
1715.jpg,accident
1716.jpg,accident
1717.jpg,accident
1718.jpg,accident
1719.jpg,accident
172.jpg,accident
1720.jpg,accident
1721.jpg,accident
1722.jpg,accident
1723.jpg,accident
1724.jpg,accident
1725.jpg,accident
1726.jpg,accident
1727.jpg,accident
1728.jpg,accident
1729.jpg,accident
173.jpg,accident
1730.jpg,accident
1731.jpg,accident
1732.jpg,accident
1733.jpg,accident
1734.jpg,accident
1735.jpg,accident
1736.jpg,accident
1737.jpg,accident
1738.jpg,accident
1739.jpg,accident
174.jpg,accident
1740.jpg,accident
1741.jpg,accident
1742.jpg,accident
1743.jpg,accident
1744.jpg,accident
1745.jpg,accident
1746.jpg,accident
1747.jpg,accident
1748.jpg,accident
1749.jpg,accident
175.jpg,accident
1750.jpg,accident
1751.jpg,accident
1752.jpg,accident
1753.jpg,accident
1754.jpg,accident
1755.jpg,accident
1756.jpg,accident
1757.jpg,accident
1758.jpg,accident
1759.jpg,accident
176.jpg,accident
1760.jpg,accident
1761.jpg,accident
1762.jpg,accident
1763.jpg,accident
1764.jpg,accident
1765.jpg,accident
1766.jpg,accident
1767.jpg,accident
1768.jpg,accident
1769.jpg,accident
177.jpg,accident
1770.jpg,accident
1771.jpg,accident
1772.jpg,accident
1773.jpg,accident
1774.jpg,accident
1775.jpg,accident
1776.jpg,accident
1777.jpg,accident
1778.jpg,accident
1779.jpg,accident
178.jpg,accident
1780.jpg,accident
1781.jpg,accident
1782.jpg,accident
1783.jpg,accident
1784.jpg,accident
1785.jpg,accident
1786.jpg,accident
1787.jpg,accident
1788.jpg,accident
1789.jpg,accident
179.jpg,accident
1790.jpg,accident
1791.jpg,accident
1792.jpg,accident
1793.jpg,accident
1794.jpg,accident
1795.jpg,accident
1796.jpg,accident
1797.jpg,accident
1798.jpg,accident
1799.jpg,accident
18.jpg,accident
180.jpg,accident
1800.jpg,accident
1801.jpg,accident
1802.jpg,accident
1803.jpg,accident
1804.jpg,accident
1805.jpg,accident
1806.jpg,accident
1807.jpg,accident
1808.jpg,accident
1809.jpg,accident
181.jpg,accident
1810.jpg,accident
1811.jpg,accident
1812.jpg,accident
1813.jpg,accident
1814.jpg,accident
1815.jpg,accident
1816.jpg,accident
1817.jpg,accident
1818.jpg,accident
1819.jpg,accident
182.jpg,accident
1820.jpg,accident
1821.jpg,accident
1822.jpg,accident
1823.jpg,accident
1824.jpg,accident
1825.jpg,accident
1826.jpg,accident
1827.jpg,accident
1828.jpg,accident
1829.jpg,accident
183.jpg,accident
1830.jpg,accident
1831.jpg,accident
1832.jpg,accident
1833.jpg,accident
1834.jpg,accident
1835.jpg,accident
1836.jpg,accident
1837.jpg,accident
1838.jpg,accident
1839.jpg,accident
184.jpg,accident
1840.jpg,accident
1841.jpg,accident
1842.jpg,accident
1843.jpg,accident
1844.jpg,accident
1845.jpg,accident
1846.jpg,accident
1847.jpg,accident
1848.jpg,accident
1849.jpg,accident
185.jpg,accident
1850.jpg,accident
1851.jpg,accident
1852.jpg,accident
1853.jpg,accident
1854.jpg,accident
1855.jpg,accident
1856.jpg,accident
1857.jpg,accident
1858.jpg,accident
1859.jpg,accident
186.jpg,accident
1860.jpg,accident
1861.jpg,accident
1862.jpg,accident
1863.jpg,accident
1864.jpg,accident
1865.jpg,accident
1866.jpg,accident
1867.jpg,accident
1868.jpg,accident
1869.jpg,accident
187.jpg,accident
1870.jpg,accident
1871.jpg,accident
1872.jpg,accident
1873.jpg,accident
1874.jpg,accident
1875.jpg,accident
1876.jpg,accident
1877.jpg,accident
1878.jpg,accident
1879.jpg,accident
188.jpg,accident
1880.jpg,accident
1881.jpg,accident
1882.jpg,accident
1883.jpg,accident
1884.jpg,accident
1885.jpg,accident
1886.jpg,accident
1887.jpg,accident
1888.jpg,accident
1889.jpg,accident
189.jpg,accident
1890.jpg,accident
1891.jpg,accident
1892.jpg,accident
1893.jpg,accident
1894.jpg,accident
1895.jpg,accident
1896.jpg,accident
1897.jpg,accident
1898.jpg,accident
1899.jpg,accident
19.jpg,accident
190.jpg,accident
1900.jpg,accident
1901.jpg,accident
1902.jpg,accident
1903.jpg,accident
1904.jpg,accident
1905.jpg,accident
1906.jpg,accident
1907.jpg,accident
1908.jpg,accident
1909.jpg,accident
191.jpg,accident
1910.jpg,accident
1911.jpg,accident
1912.jpg,accident
1913.jpg,accident
1914.jpg,accident
1915.jpg,accident
1916.jpg,accident
1917.jpg,accident
1918.jpg,accident
1919.jpg,accident
192.jpg,accident
1920.jpg,accident
1921.jpg,accident
1922.jpg,accident
1923.jpg,accident
1924.jpg,accident
1925.jpg,accident
1926.jpg,accident
1927.jpg,accident
1928.jpg,accident
1929.jpg,accident
193.jpg,accident
1930.jpg,accident
1931.jpg,accident
1932.jpg,accident
1933.jpg,accident
1934.jpg,accident
1935.jpg,accident
1936.jpg,accident
1937.jpg,accident
1938.jpg,accident
1939.jpg,accident
194.jpg,accident
1940.jpg,accident
1941.jpg,accident
1942.jpg,accident
1943.jpg,accident
1944.jpg,accident
1945.jpg,accident
1946.jpg,accident
1947.jpg,accident
1948.jpg,accident
1949.jpg,accident
195.jpg,accident
1950.jpg,accident
1951.jpg,accident
1952.jpg,accident
1953.jpg,accident
1954.jpg,accident
1955.jpg,accident
1956.jpg,accident
1957.jpg,accident
1958.jpg,accident
1959.jpg,accident
196.jpg,accident
1960.jpg,accident
1961.jpg,accident
1962.jpg,accident
1963.jpg,accident
1964.jpg,accident
1965.jpg,accident
1966.jpg,accident
1967.jpg,accident
1968.jpg,accident
1969.jpg,accident
197.jpg,accident
1970.jpg,accident
1971.jpg,accident
1972.jpg,accident
1973.jpg,accident
1974.jpg,accident
1975.jpg,accident
1976.jpg,accident
1977.jpg,accident
1978.jpg,accident
1979.jpg,accident
198.jpg,accident
1980.jpg,accident
1981.jpg,accident
1982.jpg,accident
1983.jpg,accident
1984.jpg,accident
1985.jpg,accident
1986.jpg,accident
1987.jpg,accident
1988.jpg,accident
1989.jpg,accident
199.jpg,accident
1990.jpg,accident
1991.jpg,accident
1992.jpg,accident
1993.jpg,accident
1994.jpg,accident
1995.jpg,accident
1996.jpg,accident
1997.jpg,accident
1998.jpg,accident
1999.jpg,accident
2.jpg,accident
20.jpg,accident
200.jpg,accident
2000.jpg,accident
2001.jpg,accident
2002.jpg,accident
2003.jpg,accident
2004.jpg,accident
2005.jpg,accident
2006.jpg,accident
2007.jpg,accident
2008.jpg,accident
2009.jpg,accident
201.jpg,accident
2010.jpg,accident
2011.jpg,accident
2012.jpg,accident
2013.jpg,accident
2014.jpg,accident
2015.jpg,accident
2016.jpg,accident
2017.jpg,accident
2018.jpg,accident
2019.jpg,accident
202.jpg,accident
2020.jpg,accident
2021.jpg,accident
2022.jpg,accident
2023.jpg,accident
2024.jpg,accident
2025.jpg,accident
2026.jpg,accident
2027.jpg,accident
2028.jpg,accident
2029.jpg,accident
203.jpg,accident
2030.jpg,accident
2031.jpg,accident
2032.jpg,accident
2033.jpg,accident
2034.jpg,accident
2035.jpg,accident
2036.jpg,accident
2037.jpg,accident
2038.jpg,accident
2039.jpg,accident
204.jpg,accident
2040.jpg,accident
2041.jpg,accident
2042.jpg,accident
2043.jpg,accident
2044.jpg,accident
2045.jpg,accident
2046.jpg,accident
2047.jpg,accident
2048.jpg,accident
2049.jpg,accident
205.jpg,accident
2050.jpg,accident
2051.jpg,accident
2052.jpg,accident
2053.jpg,accident
2054.jpg,accident
2055.jpg,accident
2056.jpg,accident
2057.jpg,accident
2058.jpg,accident
2059.jpg,accident
206.jpg,accident
2060.jpg,accident
2061.jpg,accident
2062.jpg,accident
2063.jpg,accident
2064.jpg,accident
2065.jpg,accident
2066.jpg,accident
2067.jpg,accident
2068.jpg,accident
2069.jpg,accident
207.jpg,accident
2070.jpg,accident
2071.jpg,accident
2072.jpg,accident
2073.jpg,accident
2074.jpg,accident
2075.jpg,accident
2076.jpg,accident
2077.jpg,accident
2078.jpg,accident
2079.jpg,accident
208.jpg,accident
2080.jpg,accident
2081.jpg,accident
2082.jpg,accident
2083.jpg,accident
2084.jpg,accident
2085.jpg,accident
2086.jpg,accident
2087.jpg,accident
2088.jpg,accident
2089.jpg,accident
209.jpg,accident
2090.jpg,accident
2091.jpg,accident
2092.jpg,accident
2093.jpg,accident
2094.jpg,accident
2095.jpg,accident
2096.jpg,accident
2097.jpg,accident
2098.jpg,accident
2099.jpg,accident
21.jpg,accident
210.jpg,accident
2100.jpg,accident
2101.jpg,accident
2102.jpg,accident
2103.jpg,accident
2104.jpg,accident
2105.jpg,accident
2106.jpg,accident
2107.jpg,accident
2108.jpg,accident
2109.jpg,accident
211.jpg,accident
2110.jpg,accident
2111.jpg,accident
2112.jpg,accident
2113.jpg,accident
2114.jpg,accident
2115.jpg,accident
2116.jpg,accident
2117.jpg,accident
2118.jpg,accident
2119.jpg,accident
212.jpg,accident
2120.jpg,accident
2121.jpg,accident
2122.jpg,accident
2123.jpg,accident
2124.jpg,accident
2125.jpg,accident
2126.jpg,accident
2127.jpg,accident
2128.jpg,accident
2129.jpg,accident
213.jpg,accident
2130.jpg,accident
2131.jpg,accident
2132.jpg,accident
2133.jpg,accident
2134.jpg,accident
2135.jpg,accident
2136.jpg,accident
2137.jpg,accident
2138.jpg,accident
2139.jpg,accident
214.jpg,accident
2140.jpg,accident
2141.jpg,accident
2142.jpg,accident
2143.jpg,accident
2144.jpg,accident
2145.jpg,accident
2146.jpg,accident
2147.jpg,accident
2148.jpg,accident
2149.jpg,accident
215.jpg,accident
2150.jpg,accident
2151.jpg,accident
2152.jpg,accident
2153.jpg,accident
2154.jpg,accident
2155.jpg,accident
2156.jpg,accident
2157.jpg,accident
2158.jpg,accident
2159.jpg,accident
216.jpg,accident
2160.jpg,accident
2161.jpg,accident
2162.jpg,accident
2163.jpg,accident
2164.jpg,accident
2165.jpg,accident
2166.jpg,accident
2167.jpg,accident
2168.jpg,accident
2169.jpg,accident
217.jpg,accident
2170.jpg,accident
2171.jpg,accident
2172.jpg,accident
2173.jpg,accident
2174.jpg,accident
2175.jpg,accident
2176.jpg,accident
2177.jpg,accident
2178.jpg,accident
2179.jpg,accident
218.jpg,accident
2180.jpg,accident
2181.jpg,accident
2182.jpg,accident
2183.jpg,accident
2184.jpg,accident
2185.jpg,accident
2186.jpg,accident
2187.jpg,accident
2188.jpg,accident
2189.jpg,accident
219.jpg,accident
2190.jpg,accident
2191.jpg,accident
2192.jpg,accident
2193.jpg,accident
2194.jpg,accident
2195.jpg,accident
2196.jpg,accident
2197.jpg,accident
2198.jpg,accident
2199.jpg,accident
22.jpg,accident
220.jpg,accident
2200.jpg,accident
2201.jpg,accident
2202.jpg,accident
2203.jpg,accident
2204.jpg,accident
2205.jpg,accident
2206.jpg,accident
2207.jpg,accident
2208.jpg,accident
2209.jpg,accident
221.jpg,accident
2210.jpg,accident
2211.jpg,accident
2212.jpg,accident
2213.jpg,accident
2214.jpg,accident
2215.jpg,accident
2216.jpg,accident
2217.jpg,accident
2218.jpg,accident
2219.jpg,accident
222.jpg,accident
2220.jpg,accident
2221.jpg,accident
2222.jpg,accident
2223.jpg,accident
2224.jpg,accident
2225.jpg,accident
2226.jpg,accident
2227.jpg,accident
2228.jpg,accident
2229.jpg,accident
223.jpg,accident
2230.jpg,accident
2231.jpg,accident
2232.jpg,accident
2233.jpg,accident
2234.jpg,accident
2235.jpg,accident
2236.jpg,accident
2237.jpg,accident
2238.jpg,accident
2239.jpg,accident
224.jpg,accident
2240.jpg,accident
2241.jpg,accident
2242.jpg,accident
2243.jpg,accident
2244.jpg,accident
2245.jpg,accident
2246.jpg,accident
2247.jpg,accident
2248.jpg,accident
2249.jpg,accident
225.jpg,accident
2250.jpg,accident
2251.jpg,accident
2252.jpg,accident
2253.jpg,accident
2254.jpg,accident
2255.jpg,accident
2256.jpg,accident
2257.jpg,accident
2258.jpg,accident
2259.jpg,accident
226.jpg,accident
2260.jpg,accident
2261.jpg,accident
2262.jpg,accident
2263.jpg,accident
2264.jpg,accident
2265.jpg,accident
2266.jpg,accident
2267.jpg,accident
2268.jpg,accident
2269.jpg,accident
227.jpg,accident
2270.jpg,accident
2271.jpg,accident
2272.jpg,accident
2273.jpg,accident
2274.jpg,accident
2275.jpg,accident
2276.jpg,accident
2277.jpg,accident
2278.jpg,accident
2279.jpg,accident
228.jpg,accident
2280.jpg,accident
2281.jpg,accident
2282.jpg,accident
2283.jpg,accident
2284.jpg,accident
2285.jpg,accident
2286.jpg,accident
2287.jpg,accident
2288.jpg,accident
2289.jpg,accident
229.jpg,accident
2290.jpg,accident
2291.jpg,accident
2292.jpg,accident
2293.jpg,accident
2294.jpg,accident
2295.jpg,accident
2296.jpg,accident
2297.jpg,accident
2298.jpg,accident
2299.jpg,accident
23.jpg,accident
230.jpg,accident
2300.jpg,accident
2301.jpg,accident
2302.jpg,accident
2303.jpg,accident
2304.jpg,accident
2305.jpg,accident
2306.jpg,accident
2307.jpg,accident
2308.jpg,accident
2309.jpg,accident
231.jpg,accident
2310.jpg,accident
2311.jpg,accident
2312.jpg,accident
2313.jpg,accident
2314.jpg,accident
2315.jpg,accident
2316.jpg,accident
2317.jpg,accident
2318.jpg,accident
2319.jpg,accident
232.jpg,accident
2320.jpg,accident
2321.jpg,accident
2322.jpg,accident
2323.jpg,accident
2324.jpg,accident
2325.jpg,accident
2326.jpg,accident
2327.jpg,accident
2328.jpg,accident
2329.jpg,accident
233.jpg,accident
2330.jpg,accident
2331.jpg,accident
2332.jpg,accident
2333.jpg,accident
2334.jpg,accident
2335.jpg,accident
2336.jpg,accident
2337.jpg,accident
2338.jpg,accident
2339.jpg,accident
234.jpg,accident
2340.jpg,accident
2341.jpg,accident
2342.jpg,accident
2343.jpg,accident
2344.jpg,accident
2345.jpg,accident
2346.jpg,accident
2347.jpg,accident
2348.jpg,accident
2349.jpg,accident
235.jpg,accident
2350.jpg,accident
2351.jpg,accident
2352.jpg,accident
2353.jpg,accident
2354.jpg,accident
2355.jpg,accident
2356.jpg,accident
2357.jpg,accident
2358.jpg,accident
2359.jpg,accident
236.jpg,accident
2360.jpg,accident
2361.jpg,accident
2362.jpg,accident
2363.jpg,accident
2364.jpg,accident
2365.jpg,accident
2366.jpg,accident
2367.jpg,accident
2368.jpg,accident
2369.jpg,accident
237.jpg,accident
2370.jpg,accident
2371.jpg,accident
2372.jpg,accident
2373.jpg,accident
2374.jpg,accident
2375.jpg,accident
2376.jpg,accident
2377.jpg,accident
2378.jpg,accident
2379.jpg,accident
238.jpg,accident
2380.jpg,accident
2381.jpg,accident
2382.jpg,accident
2383.jpg,accident
2384.jpg,accident
2385.jpg,accident
2386.jpg,accident
2387.jpg,accident
2388.jpg,accident
2389.jpg,accident
239.jpg,accident
2390.jpg,accident
2391.jpg,accident
2392.jpg,accident
2393.jpg,accident
2394.jpg,accident
2395.jpg,accident
2396.jpg,accident
2397.jpg,accident
2398.jpg,accident
2399.jpg,accident
24.jpg,accident
240.jpg,accident
2400.jpg,accident
2401.jpg,accident
2402.jpg,accident
2403.jpg,accident
2404.jpg,accident
2405.jpg,accident
2406.jpg,accident
2407.jpg,accident
2408.jpg,accident
2409.jpg,accident
241.jpg,accident
2410.jpg,accident
2411.jpg,accident
2412.jpg,accident
2413.jpg,accident
2414.jpg,accident
2415.jpg,accident
2416.jpg,accident
2417.jpg,accident
2418.jpg,accident
2419.jpg,accident
242.jpg,accident
2420.jpg,accident
2421.jpg,accident
2422.jpg,accident
2423.jpg,accident
2424.jpg,accident
2425.jpg,accident
2426.jpg,accident
2427.jpg,accident
2428.jpg,accident
2429.jpg,accident
243.jpg,accident
2430.jpg,accident
2431.jpg,accident
2432.jpg,accident
2433.jpg,accident
2434.jpg,accident
2435.jpg,accident
2436.jpg,accident
2437.jpg,accident
2438.jpg,accident
2439.jpg,accident
244.jpg,accident
2440.jpg,accident
2441.jpg,accident
2442.jpg,accident
2443.jpg,accident
2444.jpg,accident
2445.jpg,accident
2446.jpg,accident
2447.jpg,accident
2448.jpg,accident
2449.jpg,accident
245.jpg,accident
2450.jpg,accident
2451.jpg,accident
2452.jpg,accident
2453.jpg,accident
2454.jpg,accident
2455.jpg,accident
2456.jpg,accident
2457.jpg,accident
2458.jpg,accident
2459.jpg,accident
246.jpg,accident
2460.jpg,accident
2461.jpg,accident
2462.jpg,accident
2463.jpg,accident
2464.jpg,accident
2465.jpg,accident
2466.jpg,accident
2467.jpg,accident
2468.jpg,accident
2469.jpg,accident
247.jpg,accident
2470.jpg,accident
2471.jpg,accident
2472.jpg,accident
2473.jpg,accident
2474.jpg,accident
2475.jpg,accident
2476.jpg,accident
2477.jpg,accident
2478.jpg,accident
2479.jpg,accident
248.jpg,accident
2480.jpg,accident
2481.jpg,accident
2482.jpg,accident
2483.jpg,accident
2484.jpg,accident
2485.jpg,accident
2486.jpg,accident
2487.jpg,accident
2488.jpg,accident
2489.jpg,accident
249.jpg,accident
2490.jpg,accident
2491.jpg,accident
2492.jpg,accident
2493.jpg,accident
2494.jpg,accident
2495.jpg,accident
2496.jpg,accident
2497.jpg,accident
2498.jpg,accident
2499.jpg,accident
25.jpg,accident
250.jpg,accident
2500.jpg,accident
2501.jpg,accident
2502.jpg,accident
2503.jpg,accident
2504.jpg,accident
2505.jpg,accident
2506.jpg,accident
2507.jpg,accident
2508.jpg,accident
2509.jpg,accident
251.jpg,accident
2510.jpg,accident
2511.jpg,accident
2512.jpg,accident
2513.jpg,accident
2514.jpg,accident
2515.jpg,accident
2516.jpg,accident
2517.jpg,accident
2518.jpg,accident
2519.jpg,accident
252.jpg,accident
2520.jpg,accident
2521.jpg,accident
2522.jpg,accident
2523.jpg,accident
2524.jpg,accident
2525.jpg,accident
2526.jpg,accident
2527.jpg,accident
2528.jpg,accident
2529.jpg,accident
253.jpg,accident
2530.jpg,accident
2531.jpg,accident
2532.jpg,accident
2533.jpg,accident
2534.jpg,accident
2535.jpg,accident
2536.jpg,accident
2537.jpg,accident
2538.jpg,accident
2539.jpg,accident
254.jpg,accident
2540.jpg,accident
2541.jpg,accident
2542.jpg,accident
2543.jpg,accident
2544.jpg,accident
2545.jpg,accident
2546.jpg,accident
2547.jpg,accident
2548.jpg,accident
2549.jpg,accident
255.jpg,accident
2550.jpg,accident
2551.jpg,accident
2552.jpg,accident
2553.jpg,accident
2554.jpg,accident
2555.jpg,accident
2556.jpg,accident
2557.jpg,accident
2558.jpg,accident
2559.jpg,accident
256.jpg,accident
2560.jpg,accident
2561.jpg,accident
2562.jpg,accident
2563.jpg,accident
2564.jpg,accident
2565.jpg,accident
2566.jpg,accident
2567.jpg,accident
2568.jpg,accident
2569.jpg,accident
257.jpg,accident
2570.jpg,accident
2571.jpg,accident
2572.jpg,accident
2573.jpg,accident
2574.jpg,accident
2575.jpg,accident
2576.jpg,accident
2577.jpg,accident
2578.jpg,accident
2579.jpg,accident
258.jpg,accident
2580.jpg,accident
2581.jpg,accident
2582.jpg,accident
2583.jpg,accident
2584.jpg,accident
2585.jpg,accident
2586.jpg,accident
2587.jpg,accident
2588.jpg,accident
2589.jpg,accident
259.jpg,accident
2590.jpg,accident
2591.jpg,accident
2592.jpg,accident
2593.jpg,accident
2594.jpg,accident
2595.jpg,accident
2596.jpg,accident
2597.jpg,accident
2598.jpg,accident
2599.jpg,accident
26.jpg,accident
260.jpg,accident
2600.jpg,accident
2601.jpg,accident
2602.jpg,accident
2603.jpg,accident
2604.jpg,accident
2605.jpg,accident
2606.jpg,accident
2607.jpg,accident
2608.jpg,accident
2609.jpg,accident
261.jpg,accident
2610.jpg,accident
2611.jpg,accident
2612.jpg,accident
2613.jpg,accident
2614.jpg,accident
2615.jpg,accident
2616.jpg,accident
262.jpg,accident
263.jpg,accident
264.jpg,accident
265.jpg,accident
266.jpg,accident
267.jpg,accident
268.jpg,accident
269.jpg,accident
27.jpg,accident
270.jpg,accident
271.jpg,accident
272.jpg,accident
273.jpg,accident
274.jpg,accident
275.jpg,accident
276.jpg,accident
277.jpg,accident
278.jpg,accident
279.jpg,accident
28.jpg,accident
280.jpg,accident
281.jpg,accident
282.jpg,accident
283.jpg,accident
284.jpg,accident
285.jpg,accident
286.jpg,accident
287.jpg,accident
288.jpg,accident
289.jpg,accident
29.jpg,accident
290.jpg,accident
291.jpg,accident
292.jpg,accident
293.jpg,accident
294.jpg,accident
295.jpg,accident
296.jpg,accident
297.jpg,accident
298.jpg,accident
299.jpg,accident
3.jpg,accident
30.jpg,accident
300.jpg,accident
301.jpg,accident
302.jpg,accident
303.jpg,accident
304.jpg,accident
305.jpg,accident
306.jpg,accident
307.jpg,accident
308.jpg,accident
309.jpg,accident
31.jpg,accident
310.jpg,accident
311.jpg,accident
312.jpg,accident
313.jpg,accident
314.jpg,accident
315.jpg,accident
316.jpg,accident
317.jpg,accident
318.jpg,accident
319.jpg,accident
32.jpg,accident
320.jpg,accident
321.jpg,accident
322.jpg,accident
323.jpg,accident
324.jpg,accident
325.jpg,accident
326.jpg,accident
327.jpg,accident
328.jpg,accident
329.jpg,accident
33.jpg,accident
330.jpg,accident
331.jpg,accident
332.jpg,accident
333.jpg,accident
334.jpg,accident
335.jpg,accident
336.jpg,accident
337.jpg,accident
338.jpg,accident
339.jpg,accident
34.jpg,accident
340.jpg,accident
341.jpg,accident
342.jpg,accident
343.jpg,accident
344.jpg,accident
345.jpg,accident
346.jpg,accident
347.jpg,accident
348.jpg,accident
349.jpg,accident
35.jpg,accident
350.jpg,accident
351.jpg,accident
352.jpg,accident
353.jpg,accident
354.jpg,accident
355.jpg,accident
356.jpg,accident
357.jpg,accident
358.jpg,accident
359.jpg,accident
36.jpg,accident
360.jpg,accident
361.jpg,accident
362.jpg,accident
363.jpg,accident
364.jpg,accident
365.jpg,accident
366.jpg,accident
367.jpg,accident
368.jpg,accident
369.jpg,accident
37.jpg,accident
370.jpg,accident
371.jpg,accident
372.jpg,accident
373.jpg,accident
374.jpg,accident
375.jpg,accident
376.jpg,accident
377.jpg,accident
378.jpg,accident
379.jpg,accident
38.jpg,accident
380.jpg,accident
381.jpg,accident
382.jpg,accident
383.jpg,accident
384.jpg,accident
385.jpg,accident
386.jpg,accident
387.jpg,accident
388.jpg,accident
389.jpg,accident
39.jpg,accident
390.jpg,accident
391.jpg,accident
392.jpg,accident
393.jpg,accident
394.jpg,accident
395.jpg,accident
396.jpg,accident
397.jpg,accident
398.jpg,accident
399.jpg,accident
4.jpg,accident
40.jpg,accident
400.jpg,accident
401.jpg,accident
402.jpg,accident
403.jpg,accident
404.jpg,accident
405.jpg,accident
406.jpg,accident
407.jpg,accident
408.jpg,accident
409.jpg,accident
41.jpg,accident
410.jpg,accident
411.jpg,accident
412.jpg,accident
413.jpg,accident
414.jpg,accident
415.jpg,accident
416.jpg,accident
417.jpg,accident
418.jpg,accident
419.jpg,accident
42.jpg,accident
420.jpg,accident
421.jpg,accident
422.jpg,accident
423.jpg,accident
424.jpg,accident
425.jpg,accident
426.jpg,accident
427.jpg,accident
428.jpg,accident
429.jpg,accident
43.jpg,accident
430.jpg,accident
431.jpg,accident
432.jpg,accident
433.jpg,accident
434.jpg,accident
435.jpg,accident
436.jpg,accident
437.jpg,accident
438.jpg,accident
439.jpg,accident
44.jpg,accident
440.jpg,accident
441.jpg,accident
442.jpg,accident
443.jpg,accident
444.jpg,accident
445.jpg,accident
446.jpg,accident
447.jpg,accident
448.jpg,accident
449.jpg,accident
45.jpg,accident
450.jpg,accident
451.jpg,accident
452.jpg,accident
453.jpg,accident
454.jpg,accident
455.jpg,accident
456.jpg,accident
457.jpg,accident
458.jpg,accident
459.jpg,accident
46.jpg,accident
460.jpg,accident
461.jpg,accident
462.jpg,accident
463.jpg,accident
464.jpg,accident
465.jpg,accident
466.jpg,accident
467.jpg,accident
468.jpg,accident
469.jpg,accident
47.jpg,accident
470.jpg,accident
471.jpg,accident
472.jpg,accident
473.jpg,accident
474.jpg,accident
475.jpg,accident
476.jpg,accident
477.jpg,accident
478.jpg,accident
479.jpg,accident
48.jpg,accident
480.jpg,accident
481.jpg,accident
482.jpg,accident
483.jpg,accident
484.jpg,accident
485.jpg,accident
486.jpg,accident
487.jpg,accident
488.jpg,accident
489.jpg,accident
49.jpg,accident
490.jpg,accident
491.jpg,accident
492.jpg,accident
493.jpg,accident
494.jpg,accident
495.jpg,accident
496.jpg,accident
497.jpg,accident
498.jpg,accident
499.jpg,accident
5.jpg,accident
50.jpg,accident
500.jpg,accident
501.jpg,accident
502.jpg,accident
503.jpg,accident
504.jpg,accident
505.jpg,accident
506.jpg,accident
507.jpg,accident
508.jpg,accident
509.jpg,accident
51.jpg,accident
510.jpg,accident
511.jpg,accident
512.jpg,accident
513.jpg,accident
514.jpg,accident
515.jpg,accident
516.jpg,accident
517.jpg,accident
518.jpg,accident
519.jpg,accident
52.jpg,accident
520.jpg,accident
521.jpg,accident
522.jpg,accident
523.jpg,accident
524.jpg,accident
525.jpg,accident
526.jpg,accident
527.jpg,accident
528.jpg,accident
529.jpg,accident
53.jpg,accident
530.jpg,accident
531.jpg,accident
532.jpg,accident
533.jpg,accident
534.jpg,accident
535.jpg,accident
536.jpg,accident
537.jpg,accident
538.jpg,accident
539.jpg,accident
54.jpg,accident
540.jpg,accident
541.jpg,accident
542.jpg,accident
543.jpg,accident
544.jpg,accident
545.jpg,accident
546.jpg,accident
547.jpg,accident
548.jpg,accident
549.jpg,accident
55.jpg,accident
550.jpg,accident
551.jpg,accident
552.jpg,accident
553.jpg,accident
554.jpg,accident
555.jpg,accident
556.jpg,accident
557.jpg,accident
558.jpg,accident
559.jpg,accident
56.jpg,accident
560.jpg,accident
561.jpg,accident
562.jpg,accident
563.jpg,accident
564.jpg,accident
565.jpg,accident
566.jpg,accident
567.jpg,accident
568.jpg,accident
569.jpg,accident
57.jpg,accident
570.jpg,accident
571.jpg,accident
572.jpg,accident
573.jpg,accident
574.jpg,accident
575.jpg,accident
576.jpg,accident
577.jpg,accident
578.jpg,accident
579.jpg,accident
58.jpg,accident
580.jpg,accident
581.jpg,accident
582.jpg,accident
583.jpg,accident
584.jpg,accident
585.jpg,accident
586.jpg,accident
587.jpg,accident
588.jpg,accident
589.jpg,accident
59.jpg,accident
590.jpg,accident
591.jpg,accident
592.jpg,accident
593.jpg,accident
594.jpg,accident
595.jpg,accident
596.jpg,accident
597.jpg,accident
598.jpg,accident
599.jpg,accident
6.jpg,accident
60.jpg,accident
600.jpg,accident
601.jpg,accident
602.jpg,accident
603.jpg,accident
604.jpg,accident
605.jpg,accident
606.jpg,accident
607.jpg,accident
608.jpg,accident
609.jpg,accident
61.jpg,accident
610.jpg,accident
611.jpg,accident
612.jpg,accident
613.jpg,accident
614.jpg,accident
615.jpg,accident
616.jpg,accident
617.jpg,accident
618.jpg,accident
619.jpg,accident
62.jpg,accident
620.jpg,accident
621.jpg,accident
622.jpg,accident
623.jpg,accident
624.jpg,accident
625.jpg,accident
626.jpg,accident
627.jpg,accident
628.jpg,accident
629.jpg,accident
63.jpg,accident
630.jpg,accident
631.jpg,accident
632.jpg,accident
633.jpg,accident
634.jpg,accident
635.jpg,accident
636.jpg,accident
637.jpg,accident
638.jpg,accident
639.jpg,accident
64.jpg,accident
640.jpg,accident
641.jpg,accident
642.jpg,accident
643.jpg,accident
644.jpg,accident
645.jpg,accident
646.jpg,accident
647.jpg,accident
648.jpg,accident
649.jpg,accident
65.jpg,accident
650.jpg,accident
651.jpg,accident
652.jpg,accident
653.jpg,accident
654.jpg,accident
655.jpg,accident
656.jpg,accident
657.jpg,accident
658.jpg,accident
659.jpg,accident
66.jpg,accident
660.jpg,accident
661.jpg,accident
662.jpg,accident
663.jpg,accident
664.jpg,accident
665.jpg,accident
666.jpg,accident
667.jpg,accident
668.jpg,accident
669.jpg,accident
67.jpg,accident
670.jpg,accident
671.jpg,accident
672.jpg,accident
673.jpg,accident
674.jpg,accident
675.jpg,accident
676.jpg,accident
677.jpg,accident
678.jpg,accident
679.jpg,accident
68.jpg,accident
680.jpg,accident
681.jpg,accident
682.jpg,accident
683.jpg,accident
684.jpg,accident
685.jpg,accident
686.jpg,accident
687.jpg,accident
688.jpg,accident
689.jpg,accident
69.jpg,accident
690.jpg,accident
691.jpg,accident
692.jpg,accident
693.jpg,accident
694.jpg,accident
695.jpg,accident
696.jpg,accident
697.jpg,accident
698.jpg,accident
699.jpg,accident
7.jpg,accident
70.jpg,accident
700.jpg,accident
701.jpg,accident
702.jpg,accident
703.jpg,accident
704.jpg,accident
705.jpg,accident
706.jpg,accident
707.jpg,accident
708.jpg,accident
709.jpg,accident
71.jpg,accident
710.jpg,accident
711.jpg,accident
712.jpg,accident
713.jpg,accident
714.jpg,accident
715.jpg,accident
716.jpg,accident
717.jpg,accident
718.jpg,accident
719.jpg,accident
72.jpg,accident
720.jpg,accident
721.jpg,accident
722.jpg,accident
723.jpg,accident
724.jpg,accident
725.jpg,accident
726.jpg,accident
727.jpg,accident
728.jpg,accident
729.jpg,accident
73.jpg,accident
730.jpg,accident
731.jpg,accident
732.jpg,accident
733.jpg,accident
734.jpg,accident
735.jpg,accident
736.jpg,accident
737.jpg,accident
738.jpg,accident
739.jpg,accident
74.jpg,accident
740.jpg,accident
741.jpg,accident
742.jpg,accident
743.jpg,accident
744.jpg,accident
745.jpg,accident
746.jpg,accident
747.jpg,accident
748.jpg,accident
749.jpg,accident
75.jpg,accident
750.jpg,accident
751.jpg,accident
752.jpg,accident
753.jpg,accident
754.jpg,accident
755.jpg,accident
756.jpg,accident
757.jpg,accident
758.jpg,accident
759.jpg,accident
76.jpg,accident
760.jpg,accident
761.jpg,accident
762.jpg,accident
763.jpg,accident
764.jpg,accident
765.jpg,accident
766.jpg,accident
767.jpg,accident
768.jpg,accident
769.jpg,accident
77.jpg,accident
770.jpg,accident
771.jpg,accident
772.jpg,accident
773.jpg,accident
774.jpg,accident
775.jpg,accident
776.jpg,accident
777.jpg,accident
778.jpg,accident
779.jpg,accident
78.jpg,accident
780.jpg,accident
781.jpg,accident
782.jpg,accident
783.jpg,accident
784.jpg,accident
785.jpg,accident
786.jpg,accident
787.jpg,accident
788.jpg,accident
789.jpg,accident
79.jpg,accident
790.jpg,accident
791.jpg,accident
792.jpg,accident
793.jpg,accident
794.jpg,accident
795.jpg,accident
796.jpg,accident
797.jpg,accident
798.jpg,accident
799.jpg,accident
8.jpg,accident
80.jpg,accident
800.jpg,accident
801.jpg,accident
802.jpg,accident
803.jpg,accident
804.jpg,accident
805.jpg,accident
806.jpg,accident
807.jpg,accident
808.jpg,accident
809.jpg,accident
81.jpg,accident
810.jpg,accident
811.jpg,accident
812.jpg,accident
813.jpg,accident
814.jpg,accident
815.jpg,accident
816.jpg,accident
817.jpg,accident
818.jpg,accident
819.jpg,accident
82.jpg,accident
820.jpg,accident
821.jpg,accident
822.jpg,accident
823.jpg,accident
824.jpg,accident
825.jpg,accident
826.jpg,accident
827.jpg,accident
828.jpg,accident
829.jpg,accident
83.jpg,accident
830.jpg,accident
831.jpg,accident
832.jpg,accident
833.jpg,accident
834.jpg,accident
835.jpg,accident
836.jpg,accident
837.jpg,accident
838.jpg,accident
839.jpg,accident
84.jpg,accident
840.jpg,accident
841.jpg,accident
842.jpg,accident
843.jpg,accident
844.jpg,accident
845.jpg,accident
846.jpg,accident
847.jpg,accident
848.jpg,accident
849.jpg,accident
85.jpg,accident
850.jpg,accident
851.jpg,accident
852.jpg,accident
853.jpg,accident
854.jpg,accident
855.jpg,accident
856.jpg,accident
857.jpg,accident
858.jpg,accident
859.jpg,accident
86.jpg,accident
860.jpg,accident
861.jpg,accident
862.jpg,accident
863.jpg,accident
864.jpg,accident
865.jpg,accident
866.jpg,accident
867.jpg,accident
868.jpg,accident
869.jpg,accident
87.jpg,accident
870.jpg,accident
871.jpg,accident
872.jpg,accident
873.jpg,accident
874.jpg,accident
875.jpg,accident
876.jpg,accident
877.jpg,accident
878.jpg,accident
879.jpg,accident
88.jpg,accident
880.jpg,accident
881.jpg,accident
882.jpg,accident
883.jpg,accident
884.jpg,accident
885.jpg,accident
886.jpg,accident
887.jpg,accident
888.jpg,accident
889.jpg,accident
89.jpg,accident
890.jpg,accident
891.jpg,accident
892.jpg,accident
893.jpg,accident
894.jpg,accident
895.jpg,accident
896.jpg,accident
897.jpg,accident
898.jpg,accident
899.jpg,accident
9.jpg,accident
90.jpg,accident
900.jpg,accident
901.jpg,accident
902.jpg,accident
903.jpg,accident
904.jpg,accident
905.jpg,accident
906.jpg,accident
907.jpg,accident
908.jpg,accident
909.jpg,accident
91.jpg,accident
910.jpg,accident
911.jpg,accident
912.jpg,accident
913.jpg,accident
914.jpg,accident
915.jpg,accident
916.jpg,accident
917.jpg,accident
918.jpg,accident
919.jpg,accident
92.jpg,accident
920.jpg,accident
921.jpg,accident
922.jpg,accident
923.jpg,accident
924.jpg,accident
925.jpg,accident
926.jpg,accident
927.jpg,accident
928.jpg,accident
929.jpg,accident
93.jpg,accident
930.jpg,accident
931.jpg,accident
932.jpg,accident
933.jpg,accident
934.jpg,accident
935.jpg,accident
936.jpg,accident
937.jpg,accident
938.jpg,accident
939.jpg,accident
94.jpg,accident
940.jpg,accident
941.jpg,accident
942.jpg,accident
943.jpg,accident
944.jpg,accident
945.jpg,accident
946.jpg,accident
947.jpg,accident
948.jpg,accident
949.jpg,accident
95.jpg,accident
950.jpg,accident
951.jpg,accident
952.jpg,accident
953.jpg,accident
954.jpg,accident
955.jpg,accident
956.jpg,accident
957.jpg,accident
958.jpg,accident
959.jpg,accident
96.jpg,accident
960.jpg,accident
961.jpg,accident
962.jpg,accident
963.jpg,accident
964.jpg,accident
965.jpg,accident
966.jpg,accident
967.jpg,accident
968.jpg,accident
969.jpg,accident
97.jpg,accident
970.jpg,accident
971.jpg,accident
972.jpg,accident
973.jpg,accident
974.jpg,accident
975.jpg,accident
976.jpg,accident
977.jpg,accident
978.jpg,accident
979.jpg,accident
98.jpg,accident
980.jpg,accident
981.jpg,accident
982.jpg,accident
983.jpg,accident
984.jpg,accident
985.jpg,accident
986.jpg,accident
987.jpg,accident
988.jpg,accident
989.jpg,accident
99.jpg,accident
990.jpg,accident
991.jpg,accident
992.jpg,accident
993.jpg,accident
994.jpg,accident
995.jpg,accident
996.jpg,accident
997.jpg,accident
998.jpg,accident
999.jpg,accident
1.jpg,non-accident
10.jpg,non-accident
100.jpg,non-accident
1000.jpg,non-accident
1001.jpg,non-accident
1002.jpg,non-accident
1003.jpg,non-accident
1004.jpg,non-accident
1005.jpg,non-accident
1006.jpg,non-accident
1007.jpg,non-accident
1008.jpg,non-accident
1009.jpg,non-accident
101.jpg,non-accident
1010.jpg,non-accident
1011.jpg,non-accident
1012.jpg,non-accident
1013.jpg,non-accident
1014.jpg,non-accident
1015.jpg,non-accident
1016.jpg,non-accident
1017.jpg,non-accident
1018.jpg,non-accident
1019.jpg,non-accident
102.jpg,non-accident
1020.jpg,non-accident
1021.jpg,non-accident
1022.jpg,non-accident
1023.jpg,non-accident
1024.jpg,non-accident
1025.jpg,non-accident
1026.jpg,non-accident
1027.jpg,non-accident
1028.jpg,non-accident
1029.jpg,non-accident
103.jpg,non-accident
1030.jpg,non-accident
1031.jpg,non-accident
1032.jpg,non-accident
1033.jpg,non-accident
1034.jpg,non-accident
1035.jpg,non-accident
1036.jpg,non-accident
1037.jpg,non-accident
1038.jpg,non-accident
1039.jpg,non-accident
104.jpg,non-accident
1040.jpg,non-accident
1041.jpg,non-accident
1042.jpg,non-accident
1043.jpg,non-accident
1044.jpg,non-accident
1045.jpg,non-accident
1046.jpg,non-accident
1047.jpg,non-accident
1048.jpg,non-accident
1049.jpg,non-accident
105.jpg,non-accident
1050.jpg,non-accident
1051.jpg,non-accident
1052.jpg,non-accident
1053.jpg,non-accident
1054.jpg,non-accident
1055.jpg,non-accident
1056.jpg,non-accident
1057.jpg,non-accident
1058.jpg,non-accident
1059.jpg,non-accident
106.jpg,non-accident
1060.jpg,non-accident
1061.jpg,non-accident
1062.jpg,non-accident
1063.jpg,non-accident
1064.jpg,non-accident
1065.jpg,non-accident
1066.jpg,non-accident
1067.jpg,non-accident
1068.jpg,non-accident
1069.jpg,non-accident
107.jpg,non-accident
1070.jpg,non-accident
1071.jpg,non-accident
1072.jpg,non-accident
1073.jpg,non-accident
1074.jpg,non-accident
1075.jpg,non-accident
1076.jpg,non-accident
1077.jpg,non-accident
1078.jpg,non-accident
1079.jpg,non-accident
108.jpg,non-accident
1080.jpg,non-accident
1081.jpg,non-accident
1082.jpg,non-accident
1083.jpg,non-accident
1084.jpg,non-accident
1085.jpg,non-accident
1086.jpg,non-accident
1087.jpg,non-accident
1088.jpg,non-accident
1089.jpg,non-accident
109.jpg,non-accident
1090.jpg,non-accident
1091.jpg,non-accident
1092.jpg,non-accident
1093.jpg,non-accident
1094.jpg,non-accident
1095.jpg,non-accident
1096.jpg,non-accident
1097.jpg,non-accident
1098.jpg,non-accident
1099.jpg,non-accident
11.jpg,non-accident
110.jpg,non-accident
1100.jpg,non-accident
1101.jpg,non-accident
1102.jpg,non-accident
1103.jpg,non-accident
1104.jpg,non-accident
1105.jpg,non-accident
1106.jpg,non-accident
1107.jpg,non-accident
1108.jpg,non-accident
1109.jpg,non-accident
111.jpg,non-accident
1110.jpg,non-accident
1111.jpg,non-accident
1112.jpg,non-accident
1113.jpg,non-accident
1114.jpg,non-accident
1115.jpg,non-accident
1116.jpg,non-accident
1117.jpg,non-accident
1118.jpg,non-accident
1119.jpg,non-accident
112.jpg,non-accident
1120.jpg,non-accident
1121.jpg,non-accident
1122.jpg,non-accident
1123.jpg,non-accident
1124.jpg,non-accident
1125.jpg,non-accident
1126.jpg,non-accident
1127.jpg,non-accident
1128.jpg,non-accident
1129.jpg,non-accident
113.jpg,non-accident
1130.jpg,non-accident
1131.jpg,non-accident
1132.jpg,non-accident
1133.jpg,non-accident
1134.jpg,non-accident
1135.jpg,non-accident
1136.jpg,non-accident
1137.jpg,non-accident
1138.jpg,non-accident
1139.jpg,non-accident
114.jpg,non-accident
1140.jpg,non-accident
1141.jpg,non-accident
1142.jpg,non-accident
1143.jpg,non-accident
1144.jpg,non-accident
1145.jpg,non-accident
1146.jpg,non-accident
1147.jpg,non-accident
1148.jpg,non-accident
1149.jpg,non-accident
115.jpg,non-accident
1150.jpg,non-accident
1151.jpg,non-accident
1152.jpg,non-accident
1153.jpg,non-accident
1154.jpg,non-accident
1155.jpg,non-accident
1156.jpg,non-accident
1157.jpg,non-accident
1158.jpg,non-accident
1159.jpg,non-accident
116.jpg,non-accident
1160.jpg,non-accident
1161.jpg,non-accident
1162.jpg,non-accident
1163.jpg,non-accident
1164.jpg,non-accident
1165.jpg,non-accident
1166.jpg,non-accident
1167.jpg,non-accident
1168.jpg,non-accident
1169.jpg,non-accident
117.jpg,non-accident
1170.jpg,non-accident
1171.jpg,non-accident
1172.jpg,non-accident
1173.jpg,non-accident
1174.jpg,non-accident
1175.jpg,non-accident
1176.jpg,non-accident
1177.jpg,non-accident
1178.jpg,non-accident
1179.jpg,non-accident
118.jpg,non-accident
1180.jpg,non-accident
1181.jpg,non-accident
1182.jpg,non-accident
1183.jpg,non-accident
1184.jpg,non-accident
1185.jpg,non-accident
1186.jpg,non-accident
1187.jpg,non-accident
1188.jpg,non-accident
1189.jpg,non-accident
119.jpg,non-accident
1190.jpg,non-accident
1191.jpg,non-accident
1192.jpg,non-accident
1193.jpg,non-accident
1194.jpg,non-accident
1195.jpg,non-accident
1196.jpg,non-accident
1197.jpg,non-accident
1198.jpg,non-accident
1199.jpg,non-accident
12.jpg,non-accident
120.jpg,non-accident
1200.jpg,non-accident
1201.jpg,non-accident
1202.jpg,non-accident
1203.jpg,non-accident
1204.jpg,non-accident
1205.jpg,non-accident
1206.jpg,non-accident
1207.jpg,non-accident
1208.jpg,non-accident
1209.jpg,non-accident
121.jpg,non-accident
1210.jpg,non-accident
1211.jpg,non-accident
1212.jpg,non-accident
1213.jpg,non-accident
1214.jpg,non-accident
1215.jpg,non-accident
1216.jpg,non-accident
1217.jpg,non-accident
1218.jpg,non-accident
1219.jpg,non-accident
122.jpg,non-accident
1220.jpg,non-accident
1221.jpg,non-accident
1222.jpg,non-accident
1223.jpg,non-accident
1224.jpg,non-accident
1225.jpg,non-accident
1226.jpg,non-accident
1227.jpg,non-accident
1228.jpg,non-accident
1229.jpg,non-accident
123.jpg,non-accident
1230.jpg,non-accident
1231.jpg,non-accident
1232.jpg,non-accident
1233.jpg,non-accident
1234.jpg,non-accident
1235.jpg,non-accident
1236.jpg,non-accident
1237.jpg,non-accident
1238.jpg,non-accident
1239.jpg,non-accident
124.jpg,non-accident
1240.jpg,non-accident
1241.jpg,non-accident
1242.jpg,non-accident
1243.jpg,non-accident
1244.jpg,non-accident
1245.jpg,non-accident
1246.jpg,non-accident
1247.jpg,non-accident
1248.jpg,non-accident
1249.jpg,non-accident
125.jpg,non-accident
1250.jpg,non-accident
1251.jpg,non-accident
1252.jpg,non-accident
1253.jpg,non-accident
1254.jpg,non-accident
1255.jpg,non-accident
1256.jpg,non-accident
1257.jpg,non-accident
1258.jpg,non-accident
1259.jpg,non-accident
126.jpg,non-accident
1260.jpg,non-accident
1261.jpg,non-accident
1262.jpg,non-accident
1263.jpg,non-accident
1264.jpg,non-accident
1265.jpg,non-accident
1266.jpg,non-accident
1267.jpg,non-accident
1268.jpg,non-accident
1269.jpg,non-accident
127.jpg,non-accident
1270.jpg,non-accident
1271.jpg,non-accident
1272.jpg,non-accident
1273.jpg,non-accident
1274.jpg,non-accident
1275.jpg,non-accident
1276.jpg,non-accident
1277.jpg,non-accident
1278.jpg,non-accident
1279.jpg,non-accident
128.jpg,non-accident
1280.jpg,non-accident
1281.jpg,non-accident
1282.jpg,non-accident
1283.jpg,non-accident
1284.jpg,non-accident
1285.jpg,non-accident
1286.jpg,non-accident
1287.jpg,non-accident
1288.jpg,non-accident
1289.jpg,non-accident
129.jpg,non-accident
1290.jpg,non-accident
1291.jpg,non-accident
1292.jpg,non-accident
1293.jpg,non-accident
1294.jpg,non-accident
1295.jpg,non-accident
1296.jpg,non-accident
1297.jpg,non-accident
1298.jpg,non-accident
1299.jpg,non-accident
13.jpg,non-accident
130.jpg,non-accident
1300.jpg,non-accident
1301.jpg,non-accident
1302.jpg,non-accident
1303.jpg,non-accident
1304.jpg,non-accident
1305.jpg,non-accident
1306.jpg,non-accident
1307.jpg,non-accident
1308.jpg,non-accident
1309.jpg,non-accident
131.jpg,non-accident
1310.jpg,non-accident
1311.jpg,non-accident
1312.jpg,non-accident
1313.jpg,non-accident
1314.jpg,non-accident
1315.jpg,non-accident
1316.jpg,non-accident
1317.jpg,non-accident
1318.jpg,non-accident
1319.jpg,non-accident
132.jpg,non-accident
1320.jpg,non-accident
1321.jpg,non-accident
1322.jpg,non-accident
1323.jpg,non-accident
1324.jpg,non-accident
1325.jpg,non-accident
1326.jpg,non-accident
1327.jpg,non-accident
1328.jpg,non-accident
1329.jpg,non-accident
133.jpg,non-accident
1330.jpg,non-accident
1331.jpg,non-accident
1332.jpg,non-accident
1333.jpg,non-accident
1334.jpg,non-accident
1335.jpg,non-accident
1336.jpg,non-accident
1337.jpg,non-accident
1338.jpg,non-accident
1339.jpg,non-accident
134.jpg,non-accident
1340.jpg,non-accident
1341.jpg,non-accident
1342.jpg,non-accident
1343.jpg,non-accident
1344.jpg,non-accident
1345.jpg,non-accident
1346.jpg,non-accident
1347.jpg,non-accident
1348.jpg,non-accident
1349.jpg,non-accident
135.jpg,non-accident
1350.jpg,non-accident
1351.jpg,non-accident
1352.jpg,non-accident
1353.jpg,non-accident
1354.jpg,non-accident
1355.jpg,non-accident
1356.jpg,non-accident
1357.jpg,non-accident
1358.jpg,non-accident
1359.jpg,non-accident
136.jpg,non-accident
1360.jpg,non-accident
1361.jpg,non-accident
1362.jpg,non-accident
1363.jpg,non-accident
1364.jpg,non-accident
1365.jpg,non-accident
1366.jpg,non-accident
1367.jpg,non-accident
1368.jpg,non-accident
1369.jpg,non-accident
137.jpg,non-accident
1370.jpg,non-accident
1371.jpg,non-accident
1372.jpg,non-accident
1373.jpg,non-accident
1374.jpg,non-accident
1375.jpg,non-accident
1376.jpg,non-accident
1377.jpg,non-accident
1378.jpg,non-accident
1379.jpg,non-accident
138.jpg,non-accident
1380.jpg,non-accident
1381.jpg,non-accident
1382.jpg,non-accident
1383.jpg,non-accident
1384.jpg,non-accident
1385.jpg,non-accident
1386.jpg,non-accident
1387.jpg,non-accident
1388.jpg,non-accident
1389.jpg,non-accident
139.jpg,non-accident
1390.jpg,non-accident
1391.jpg,non-accident
1392.jpg,non-accident
1393.jpg,non-accident
1394.jpg,non-accident
1395.jpg,non-accident
1396.jpg,non-accident
1397.jpg,non-accident
1398.jpg,non-accident
1399.jpg,non-accident
14.jpg,non-accident
140.jpg,non-accident
1400.jpg,non-accident
1401.jpg,non-accident
1402.jpg,non-accident
1403.jpg,non-accident
1404.jpg,non-accident
1405.jpg,non-accident
1406.jpg,non-accident
1407.jpg,non-accident
1408.jpg,non-accident
1409.jpg,non-accident
141.jpg,non-accident
1410.jpg,non-accident
1411.jpg,non-accident
1412.jpg,non-accident
1413.jpg,non-accident
1414.jpg,non-accident
1415.jpg,non-accident
1416.jpg,non-accident
1417.jpg,non-accident
1418.jpg,non-accident
1419.jpg,non-accident
142.jpg,non-accident
1420.jpg,non-accident
1421.jpg,non-accident
1422.jpg,non-accident
1423.jpg,non-accident
1424.jpg,non-accident
1425.jpg,non-accident
1426.jpg,non-accident
1427.jpg,non-accident
1428.jpg,non-accident
1429.jpg,non-accident
143.jpg,non-accident
1430.jpg,non-accident
1431.jpg,non-accident
1432.jpg,non-accident
1433.jpg,non-accident
1434.jpg,non-accident
1435.jpg,non-accident
1436.jpg,non-accident
1437.jpg,non-accident
1438.jpg,non-accident
1439.jpg,non-accident
144.jpg,non-accident
1440.jpg,non-accident
1441.jpg,non-accident
1442.jpg,non-accident
1443.jpg,non-accident
1444.jpg,non-accident
1445.jpg,non-accident
1446.jpg,non-accident
1447.jpg,non-accident
1448.jpg,non-accident
1449.jpg,non-accident
145.jpg,non-accident
1450.jpg,non-accident
1451.jpg,non-accident
1452.jpg,non-accident
1453.jpg,non-accident
1454.jpg,non-accident
1455.jpg,non-accident
1456.jpg,non-accident
1457.jpg,non-accident
1458.jpg,non-accident
1459.jpg,non-accident
146.jpg,non-accident
1460.jpg,non-accident
1461.jpg,non-accident
1462.jpg,non-accident
1463.jpg,non-accident
1464.jpg,non-accident
1465.jpg,non-accident
1466.jpg,non-accident
1467.jpg,non-accident
1468.jpg,non-accident
1469.jpg,non-accident
147.jpg,non-accident
1470.jpg,non-accident
1471.jpg,non-accident
1472.jpg,non-accident
1473.jpg,non-accident
1474.jpg,non-accident
1475.jpg,non-accident
1476.jpg,non-accident
1477.jpg,non-accident
1478.jpg,non-accident
1479.jpg,non-accident
148.jpg,non-accident
1480.jpg,non-accident
1481.jpg,non-accident
1482.jpg,non-accident
1483.jpg,non-accident
1484.jpg,non-accident
1485.jpg,non-accident
1486.jpg,non-accident
1487.jpg,non-accident
1488.jpg,non-accident
1489.jpg,non-accident
149.jpg,non-accident
1490.jpg,non-accident
1491.jpg,non-accident
1492.jpg,non-accident
1493.jpg,non-accident
1494.jpg,non-accident
1495.jpg,non-accident
1496.jpg,non-accident
1497.jpg,non-accident
1498.jpg,non-accident
1499.jpg,non-accident
15.jpg,non-accident
150.jpg,non-accident
1500.jpg,non-accident
1501.jpg,non-accident
1502.jpg,non-accident
1503.jpg,non-accident
1504.jpg,non-accident
1505.jpg,non-accident
1506.jpg,non-accident
1507.jpg,non-accident
1508.jpg,non-accident
1509.jpg,non-accident
151.jpg,non-accident
1510.jpg,non-accident
1511.jpg,non-accident
1512.jpg,non-accident
1513.jpg,non-accident
1514.jpg,non-accident
1515.jpg,non-accident
1516.jpg,non-accident
1517.jpg,non-accident
1518.jpg,non-accident
1519.jpg,non-accident
152.jpg,non-accident
1520.jpg,non-accident
1521.jpg,non-accident
1522.jpg,non-accident
1523.jpg,non-accident
1524.jpg,non-accident
1525.jpg,non-accident
1526.jpg,non-accident
1527.jpg,non-accident
1528.jpg,non-accident
1529.jpg,non-accident
153.jpg,non-accident
1530.jpg,non-accident
1531.jpg,non-accident
1532.jpg,non-accident
1533.jpg,non-accident
1534.jpg,non-accident
1535.jpg,non-accident
1536.jpg,non-accident
1537.jpg,non-accident
1538.jpg,non-accident
1539.jpg,non-accident
154.jpg,non-accident
1540.jpg,non-accident
1541.jpg,non-accident
1542.jpg,non-accident
1543.jpg,non-accident
1544.jpg,non-accident
1545.jpg,non-accident
1546.jpg,non-accident
1547.jpg,non-accident
1548.jpg,non-accident
1549.jpg,non-accident
155.jpg,non-accident
1550.jpg,non-accident
1551.jpg,non-accident
1552.jpg,non-accident
1553.jpg,non-accident
1554.jpg,non-accident
1555.jpg,non-accident
1556.jpg,non-accident
1557.jpg,non-accident
1558.jpg,non-accident
1559.jpg,non-accident
156.jpg,non-accident
1560.jpg,non-accident
1561.jpg,non-accident
1562.jpg,non-accident
1563.jpg,non-accident
1564.jpg,non-accident
1565.jpg,non-accident
1566.jpg,non-accident
1567.jpg,non-accident
1568.jpg,non-accident
1569.jpg,non-accident
157.jpg,non-accident
1570.jpg,non-accident
1571.jpg,non-accident
1572.jpg,non-accident
1573.jpg,non-accident
1574.jpg,non-accident
1575.jpg,non-accident
1576.jpg,non-accident
1577.jpg,non-accident
1578.jpg,non-accident
1579.jpg,non-accident
158.jpg,non-accident
1580.jpg,non-accident
1581.jpg,non-accident
1582.jpg,non-accident
1583.jpg,non-accident
1584.jpg,non-accident
1585.jpg,non-accident
1586.jpg,non-accident
1587.jpg,non-accident
1588.jpg,non-accident
1589.jpg,non-accident
159.jpg,non-accident
1590.jpg,non-accident
1591.jpg,non-accident
1592.jpg,non-accident
1593.jpg,non-accident
1594.jpg,non-accident
1595.jpg,non-accident
1596.jpg,non-accident
1597.jpg,non-accident
1598.jpg,non-accident
1599.jpg,non-accident
16.jpg,non-accident
160.jpg,non-accident
1600.jpg,non-accident
1601.jpg,non-accident
1602.jpg,non-accident
1603.jpg,non-accident
1604.jpg,non-accident
1605.jpg,non-accident
1606.jpg,non-accident
1607.jpg,non-accident
1608.jpg,non-accident
1609.jpg,non-accident
161.jpg,non-accident
1610.jpg,non-accident
1611.jpg,non-accident
1612.jpg,non-accident
1613.jpg,non-accident
1614.jpg,non-accident
1615.jpg,non-accident
1616.jpg,non-accident
1617.jpg,non-accident
1618.jpg,non-accident
1619.jpg,non-accident
162.jpg,non-accident
1620.jpg,non-accident
1621.jpg,non-accident
1622.jpg,non-accident
1623.jpg,non-accident
1624.jpg,non-accident
1625.jpg,non-accident
1626.jpg,non-accident
1627.jpg,non-accident
1628.jpg,non-accident
1629.jpg,non-accident
163.jpg,non-accident
1630.jpg,non-accident
1631.jpg,non-accident
1632.jpg,non-accident
1633.jpg,non-accident
1634.jpg,non-accident
1635.jpg,non-accident
1636.jpg,non-accident
1637.jpg,non-accident
1638.jpg,non-accident
1639.jpg,non-accident
164.jpg,non-accident
1640.jpg,non-accident
1641.jpg,non-accident
1642.jpg,non-accident
1643.jpg,non-accident
1644.jpg,non-accident
1645.jpg,non-accident
1646.jpg,non-accident
1647.jpg,non-accident
1648.jpg,non-accident
1649.jpg,non-accident
165.jpg,non-accident
1650.jpg,non-accident
1651.jpg,non-accident
1652.jpg,non-accident
1653.jpg,non-accident
1654.jpg,non-accident
1655.jpg,non-accident
1656.jpg,non-accident
1657.jpg,non-accident
1658.jpg,non-accident
1659.jpg,non-accident
166.jpg,non-accident
1660.jpg,non-accident
1661.jpg,non-accident
1662.jpg,non-accident
1663.jpg,non-accident
1664.jpg,non-accident
1665.jpg,non-accident
1666.jpg,non-accident
1667.jpg,non-accident
1668.jpg,non-accident
1669.jpg,non-accident
167.jpg,non-accident
1670.jpg,non-accident
1671.jpg,non-accident
1672.jpg,non-accident
1673.jpg,non-accident
1674.jpg,non-accident
1675.jpg,non-accident
1676.jpg,non-accident
1677.jpg,non-accident
1678.jpg,non-accident
1679.jpg,non-accident
168.jpg,non-accident
1680.jpg,non-accident
1681.jpg,non-accident
1682.jpg,non-accident
1683.jpg,non-accident
1684.jpg,non-accident
1685.jpg,non-accident
1686.jpg,non-accident
1687.jpg,non-accident
1688.jpg,non-accident
1689.jpg,non-accident
169.jpg,non-accident
1690.jpg,non-accident
1691.jpg,non-accident
1692.jpg,non-accident
1693.jpg,non-accident
1694.jpg,non-accident
1695.jpg,non-accident
1696.jpg,non-accident
1697.jpg,non-accident
1698.jpg,non-accident
1699.jpg,non-accident
17.jpg,non-accident
170.jpg,non-accident
1700.jpg,non-accident
1701.jpg,non-accident
1702.jpg,non-accident
1703.jpg,non-accident
1704.jpg,non-accident
1705.jpg,non-accident
1706.jpg,non-accident
1707.jpg,non-accident
1708.jpg,non-accident
1709.jpg,non-accident
171.jpg,non-accident
1710.jpg,non-accident
1711.jpg,non-accident
1712.jpg,non-accident
1713.jpg,non-accident
1714.jpg,non-accident
1715.jpg,non-accident
1716.jpg,non-accident
1717.jpg,non-accident
1718.jpg,non-accident
1719.jpg,non-accident
172.jpg,non-accident
1720.jpg,non-accident
1721.jpg,non-accident
1722.jpg,non-accident
1723.jpg,non-accident
1724.jpg,non-accident
1725.jpg,non-accident
1726.jpg,non-accident
1727.jpg,non-accident
1728.jpg,non-accident
1729.jpg,non-accident
173.jpg,non-accident
1730.jpg,non-accident
1731.jpg,non-accident
1732.jpg,non-accident
1733.jpg,non-accident
1734.jpg,non-accident
1735.jpg,non-accident
1736.jpg,non-accident
1737.jpg,non-accident
1738.jpg,non-accident
1739.jpg,non-accident
174.jpg,non-accident
1740.jpg,non-accident
1741.jpg,non-accident
1742.jpg,non-accident
1743.jpg,non-accident
1744.jpg,non-accident
1745.jpg,non-accident
1746.jpg,non-accident
1747.jpg,non-accident
1748.jpg,non-accident
1749.jpg,non-accident
175.jpg,non-accident
1750.jpg,non-accident
1751.jpg,non-accident
1752.jpg,non-accident
1753.jpg,non-accident
1754.jpg,non-accident
1755.jpg,non-accident
1756.jpg,non-accident
1757.jpg,non-accident
1758.jpg,non-accident
1759.jpg,non-accident
176.jpg,non-accident
1760.jpg,non-accident
1761.jpg,non-accident
1762.jpg,non-accident
1763.jpg,non-accident
1764.jpg,non-accident
1765.jpg,non-accident
1766.jpg,non-accident
1767.jpg,non-accident
1768.jpg,non-accident
1769.jpg,non-accident
177.jpg,non-accident
1770.jpg,non-accident
1771.jpg,non-accident
1772.jpg,non-accident
1773.jpg,non-accident
1774.jpg,non-accident
1775.jpg,non-accident
1776.jpg,non-accident
1777.jpg,non-accident
1778.jpg,non-accident
1779.jpg,non-accident
178.jpg,non-accident
1780.jpg,non-accident
1781.jpg,non-accident
1782.jpg,non-accident
1783.jpg,non-accident
1784.jpg,non-accident
1785.jpg,non-accident
1786.jpg,non-accident
1787.jpg,non-accident
1788.jpg,non-accident
1789.jpg,non-accident
179.jpg,non-accident
1790.jpg,non-accident
1791.jpg,non-accident
1792.jpg,non-accident
1793.jpg,non-accident
1794.jpg,non-accident
1795.jpg,non-accident
1796.jpg,non-accident
1797.jpg,non-accident
1798.jpg,non-accident
1799.jpg,non-accident
18.jpg,non-accident
180.jpg,non-accident
1800.jpg,non-accident
1801.jpg,non-accident
1802.jpg,non-accident
1803.jpg,non-accident
1804.jpg,non-accident
1805.jpg,non-accident
1806.jpg,non-accident
1807.jpg,non-accident
1808.jpg,non-accident
1809.jpg,non-accident
181.jpg,non-accident
1810.jpg,non-accident
1811.jpg,non-accident
1812.jpg,non-accident
1813.jpg,non-accident
1814.jpg,non-accident
1815.jpg,non-accident
1816.jpg,non-accident
1817.jpg,non-accident
1818.jpg,non-accident
1819.jpg,non-accident
182.jpg,non-accident
1820.jpg,non-accident
1821.jpg,non-accident
1822.jpg,non-accident
1823.jpg,non-accident
1824.jpg,non-accident
1825.jpg,non-accident
1826.jpg,non-accident
1827.jpg,non-accident
1828.jpg,non-accident
1829.jpg,non-accident
183.jpg,non-accident
1830.jpg,non-accident
1831.jpg,non-accident
1832.jpg,non-accident
1833.jpg,non-accident
1834.jpg,non-accident
1835.jpg,non-accident
1836.jpg,non-accident
1837.jpg,non-accident
1838.jpg,non-accident
1839.jpg,non-accident
184.jpg,non-accident
1840.jpg,non-accident
1841.jpg,non-accident
1842.jpg,non-accident
1843.jpg,non-accident
1844.jpg,non-accident
1845.jpg,non-accident
1846.jpg,non-accident
1847.jpg,non-accident
1848.jpg,non-accident
1849.jpg,non-accident
185.jpg,non-accident
1850.jpg,non-accident
1851.jpg,non-accident
1852.jpg,non-accident
1853.jpg,non-accident
1854.jpg,non-accident
1855.jpg,non-accident
1856.jpg,non-accident
1857.jpg,non-accident
1858.jpg,non-accident
1859.jpg,non-accident
186.jpg,non-accident
1860.jpg,non-accident
1861.jpg,non-accident
1862.jpg,non-accident
1863.jpg,non-accident
1864.jpg,non-accident
1865.jpg,non-accident
1866.jpg,non-accident
1867.jpg,non-accident
1868.jpg,non-accident
1869.jpg,non-accident
187.jpg,non-accident
1870.jpg,non-accident
1871.jpg,non-accident
1872.jpg,non-accident
1873.jpg,non-accident
1874.jpg,non-accident
1875.jpg,non-accident
1876.jpg,non-accident
1877.jpg,non-accident
1878.jpg,non-accident
1879.jpg,non-accident
188.jpg,non-accident
1880.jpg,non-accident
1881.jpg,non-accident
1882.jpg,non-accident
1883.jpg,non-accident
1884.jpg,non-accident
1885.jpg,non-accident
1886.jpg,non-accident
1887.jpg,non-accident
1888.jpg,non-accident
1889.jpg,non-accident
189.jpg,non-accident
1890.jpg,non-accident
1891.jpg,non-accident
1892.jpg,non-accident
1893.jpg,non-accident
1894.jpg,non-accident
1895.jpg,non-accident
1896.jpg,non-accident
1897.jpg,non-accident
1898.jpg,non-accident
1899.jpg,non-accident
19.jpg,non-accident
190.jpg,non-accident
1900.jpg,non-accident
1901.jpg,non-accident
1902.jpg,non-accident
1903.jpg,non-accident
1904.jpg,non-accident
1905.jpg,non-accident
1906.jpg,non-accident
1907.jpg,non-accident
1908.jpg,non-accident
1909.jpg,non-accident
191.jpg,non-accident
1910.jpg,non-accident
1911.jpg,non-accident
1912.jpg,non-accident
1913.jpg,non-accident
1914.jpg,non-accident
1915.jpg,non-accident
1916.jpg,non-accident
1917.jpg,non-accident
1918.jpg,non-accident
1919.jpg,non-accident
192.jpg,non-accident
1920.jpg,non-accident
1921.jpg,non-accident
1922.jpg,non-accident
1923.jpg,non-accident
1924.jpg,non-accident
1925.jpg,non-accident
1926.jpg,non-accident
1927.jpg,non-accident
1928.jpg,non-accident
1929.jpg,non-accident
193.jpg,non-accident
1930.jpg,non-accident
1931.jpg,non-accident
1932.jpg,non-accident
1933.jpg,non-accident
1934.jpg,non-accident
1935.jpg,non-accident
1936.jpg,non-accident
1937.jpg,non-accident
1938.jpg,non-accident
1939.jpg,non-accident
194.jpg,non-accident
1940.jpg,non-accident
1941.jpg,non-accident
1942.jpg,non-accident
1943.jpg,non-accident
1944.jpg,non-accident
1945.jpg,non-accident
1946.jpg,non-accident
1947.jpg,non-accident
1948.jpg,non-accident
1949.jpg,non-accident
195.jpg,non-accident
1950.jpg,non-accident
1951.jpg,non-accident
1952.jpg,non-accident
1953.jpg,non-accident
1954.jpg,non-accident
1955.jpg,non-accident
1956.jpg,non-accident
1957.jpg,non-accident
1958.jpg,non-accident
1959.jpg,non-accident
196.jpg,non-accident
1960.jpg,non-accident
1961.jpg,non-accident
1962.jpg,non-accident
1963.jpg,non-accident
1964.jpg,non-accident
1965.jpg,non-accident
1966.jpg,non-accident
1967.jpg,non-accident
1968.jpg,non-accident
1969.jpg,non-accident
197.jpg,non-accident
1970.jpg,non-accident
1971.jpg,non-accident
1972.jpg,non-accident
1973.jpg,non-accident
1974.jpg,non-accident
1975.jpg,non-accident
1976.jpg,non-accident
1977.jpg,non-accident
1978.jpg,non-accident
1979.jpg,non-accident
198.jpg,non-accident
1980.jpg,non-accident
1981.jpg,non-accident
1982.jpg,non-accident
1983.jpg,non-accident
1984.jpg,non-accident
1985.jpg,non-accident
1986.jpg,non-accident
1987.jpg,non-accident
1988.jpg,non-accident
1989.jpg,non-accident
199.jpg,non-accident
1990.jpg,non-accident
1991.jpg,non-accident
1992.jpg,non-accident
1993.jpg,non-accident
1994.jpg,non-accident
1995.jpg,non-accident
1996.jpg,non-accident
1997.jpg,non-accident
1998.jpg,non-accident
1999.jpg,non-accident
2.jpg,non-accident
20.jpg,non-accident
200.jpg,non-accident
2000.jpg,non-accident
2001.jpg,non-accident
2002.jpg,non-accident
2003.jpg,non-accident
2004.jpg,non-accident
2005.jpg,non-accident
2006.jpg,non-accident
2007.jpg,non-accident
2008.jpg,non-accident
2009.jpg,non-accident
201.jpg,non-accident
2010.jpg,non-accident
2011.jpg,non-accident
2012.jpg,non-accident
2013.jpg,non-accident
2014.jpg,non-accident
2015.jpg,non-accident
2016.jpg,non-accident
2017.jpg,non-accident
2018.jpg,non-accident
2019.jpg,non-accident
202.jpg,non-accident
2020.jpg,non-accident
2021.jpg,non-accident
2022.jpg,non-accident
2023.jpg,non-accident
2024.jpg,non-accident
2025.jpg,non-accident
2026.jpg,non-accident
2027.jpg,non-accident
2028.jpg,non-accident
2029.jpg,non-accident
203.jpg,non-accident
2030.jpg,non-accident
2031.jpg,non-accident
2032.jpg,non-accident
2033.jpg,non-accident
2034.jpg,non-accident
2035.jpg,non-accident
2036.jpg,non-accident
2037.jpg,non-accident
2038.jpg,non-accident
2039.jpg,non-accident
204.jpg,non-accident
2040.jpg,non-accident
2041.jpg,non-accident
2042.jpg,non-accident
2043.jpg,non-accident
2044.jpg,non-accident
2045.jpg,non-accident
2046.jpg,non-accident
2047.jpg,non-accident
2048.jpg,non-accident
2049.jpg,non-accident
205.jpg,non-accident
2050.jpg,non-accident
2051.jpg,non-accident
2052.jpg,non-accident
2053.jpg,non-accident
2054.jpg,non-accident
2055.jpg,non-accident
2056.jpg,non-accident
2057.jpg,non-accident
2058.jpg,non-accident
2059.jpg,non-accident
206.jpg,non-accident
2060.jpg,non-accident
2061.jpg,non-accident
2062.jpg,non-accident
2063.jpg,non-accident
2064.jpg,non-accident
2065.jpg,non-accident
2066.jpg,non-accident
2067.jpg,non-accident
2068.jpg,non-accident
2069.jpg,non-accident
207.jpg,non-accident
2070.jpg,non-accident
2071.jpg,non-accident
2072.jpg,non-accident
2073.jpg,non-accident
2074.jpg,non-accident
2075.jpg,non-accident
2076.jpg,non-accident
2077.jpg,non-accident
2078.jpg,non-accident
2079.jpg,non-accident
208.jpg,non-accident
2080.jpg,non-accident
2081.jpg,non-accident
2082.jpg,non-accident
2083.jpg,non-accident
2084.jpg,non-accident
2085.jpg,non-accident
2086.jpg,non-accident
2087.jpg,non-accident
2088.jpg,non-accident
2089.jpg,non-accident
209.jpg,non-accident
2090.jpg,non-accident
2091.jpg,non-accident
2092.jpg,non-accident
2093.jpg,non-accident
2094.jpg,non-accident
2095.jpg,non-accident
2096.jpg,non-accident
2097.jpg,non-accident
2098.jpg,non-accident
2099.jpg,non-accident
21.jpg,non-accident
210.jpg,non-accident
2100.jpg,non-accident
2101.jpg,non-accident
2102.jpg,non-accident
2103.jpg,non-accident
2104.jpg,non-accident
2105.jpg,non-accident
2106.jpg,non-accident
2107.jpg,non-accident
2108.jpg,non-accident
2109.jpg,non-accident
211.jpg,non-accident
2110.jpg,non-accident
2111.jpg,non-accident
2112.jpg,non-accident
2113.jpg,non-accident
2114.jpg,non-accident
2115.jpg,non-accident
2116.jpg,non-accident
2117.jpg,non-accident
2118.jpg,non-accident
2119.jpg,non-accident
212.jpg,non-accident
2120.jpg,non-accident
2121.jpg,non-accident
2122.jpg,non-accident
2123.jpg,non-accident
2124.jpg,non-accident
2125.jpg,non-accident
2126.jpg,non-accident
2127.jpg,non-accident
2128.jpg,non-accident
2129.jpg,non-accident
213.jpg,non-accident
2130.jpg,non-accident
2131.jpg,non-accident
2132.jpg,non-accident
2133.jpg,non-accident
2134.jpg,non-accident
2135.jpg,non-accident
2136.jpg,non-accident
2137.jpg,non-accident
2138.jpg,non-accident
2139.jpg,non-accident
214.jpg,non-accident
2140.jpg,non-accident
2141.jpg,non-accident
2142.jpg,non-accident
2143.jpg,non-accident
2144.jpg,non-accident
2145.jpg,non-accident
2146.jpg,non-accident
2147.jpg,non-accident
2148.jpg,non-accident
2149.jpg,non-accident
215.jpg,non-accident
2150.jpg,non-accident
2151.jpg,non-accident
2152.jpg,non-accident
2153.jpg,non-accident
2154.jpg,non-accident
2155.jpg,non-accident
2156.jpg,non-accident
2157.jpg,non-accident
2158.jpg,non-accident
2159.jpg,non-accident
216.jpg,non-accident
2160.jpg,non-accident
2161.jpg,non-accident
2162.jpg,non-accident
2163.jpg,non-accident
2164.jpg,non-accident
2165.jpg,non-accident
2166.jpg,non-accident
2167.jpg,non-accident
2168.jpg,non-accident
2169.jpg,non-accident
217.jpg,non-accident
2170.jpg,non-accident
2171.jpg,non-accident
2172.jpg,non-accident
2173.jpg,non-accident
2174.jpg,non-accident
2175.jpg,non-accident
2176.jpg,non-accident
2177.jpg,non-accident
2178.jpg,non-accident
2179.jpg,non-accident
218.jpg,non-accident
2180.jpg,non-accident
2181.jpg,non-accident
2182.jpg,non-accident
2183.jpg,non-accident
2184.jpg,non-accident
2185.jpg,non-accident
2186.jpg,non-accident
2187.jpg,non-accident
2188.jpg,non-accident
2189.jpg,non-accident
219.jpg,non-accident
2190.jpg,non-accident
2191.jpg,non-accident
2192.jpg,non-accident
2193.jpg,non-accident
2194.jpg,non-accident
2195.jpg,non-accident
2196.jpg,non-accident
2197.jpg,non-accident
2198.jpg,non-accident
2199.jpg,non-accident
22.jpg,non-accident
220.jpg,non-accident
2200.jpg,non-accident
2201.jpg,non-accident
2202.jpg,non-accident
2203.jpg,non-accident
2204.jpg,non-accident
2205.jpg,non-accident
2206.jpg,non-accident
2207.jpg,non-accident
2208.jpg,non-accident
2209.jpg,non-accident
221.jpg,non-accident
2210.jpg,non-accident
2211.jpg,non-accident
2212.jpg,non-accident
2213.jpg,non-accident
2214.jpg,non-accident
2215.jpg,non-accident
2216.jpg,non-accident
2217.jpg,non-accident
2218.jpg,non-accident
2219.jpg,non-accident
222.jpg,non-accident
2220.jpg,non-accident
2221.jpg,non-accident
2222.jpg,non-accident
2223.jpg,non-accident
2224.jpg,non-accident
2225.jpg,non-accident
2226.jpg,non-accident
2227.jpg,non-accident
2228.jpg,non-accident
2229.jpg,non-accident
223.jpg,non-accident
2230.jpg,non-accident
2231.jpg,non-accident
2232.jpg,non-accident
2233.jpg,non-accident
2234.jpg,non-accident
2235.jpg,non-accident
2236.jpg,non-accident
2237.jpg,non-accident
2238.jpg,non-accident
2239.jpg,non-accident
224.jpg,non-accident
2240.jpg,non-accident
2241.jpg,non-accident
2242.jpg,non-accident
2243.jpg,non-accident
2244.jpg,non-accident
2245.jpg,non-accident
2246.jpg,non-accident
2247.jpg,non-accident
2248.jpg,non-accident
2249.jpg,non-accident
225.jpg,non-accident
2250.jpg,non-accident
2251.jpg,non-accident
2252.jpg,non-accident
2253.jpg,non-accident
2254.jpg,non-accident
2255.jpg,non-accident
2256.jpg,non-accident
2257.jpg,non-accident
2258.jpg,non-accident
2259.jpg,non-accident
226.jpg,non-accident
2260.jpg,non-accident
2261.jpg,non-accident
2262.jpg,non-accident
2263.jpg,non-accident
2264.jpg,non-accident
2265.jpg,non-accident
2266.jpg,non-accident
2267.jpg,non-accident
2268.jpg,non-accident
2269.jpg,non-accident
227.jpg,non-accident
2270.jpg,non-accident
2271.jpg,non-accident
2272.jpg,non-accident
2273.jpg,non-accident
2274.jpg,non-accident
2275.jpg,non-accident
2276.jpg,non-accident
2277.jpg,non-accident
2278.jpg,non-accident
2279.jpg,non-accident
228.jpg,non-accident
2280.jpg,non-accident
2281.jpg,non-accident
2282.jpg,non-accident
2283.jpg,non-accident
2284.jpg,non-accident
2285.jpg,non-accident
2286.jpg,non-accident
2287.jpg,non-accident
2288.jpg,non-accident
2289.jpg,non-accident
229.jpg,non-accident
2290.jpg,non-accident
2291.jpg,non-accident
2292.jpg,non-accident
2293.jpg,non-accident
2294.jpg,non-accident
2295.jpg,non-accident
2296.jpg,non-accident
2297.jpg,non-accident
2298.jpg,non-accident
2299.jpg,non-accident
23.jpg,non-accident
230.jpg,non-accident
2300.jpg,non-accident
2301.jpg,non-accident
2302.jpg,non-accident
2303.jpg,non-accident
2304.jpg,non-accident
2305.jpg,non-accident
2306.jpg,non-accident
2307.jpg,non-accident
2308.jpg,non-accident
2309.jpg,non-accident
231.jpg,non-accident
2310.jpg,non-accident
2311.jpg,non-accident
2312.jpg,non-accident
2313.jpg,non-accident
2314.jpg,non-accident
2315.jpg,non-accident
2316.jpg,non-accident
2317.jpg,non-accident
2318.jpg,non-accident
2319.jpg,non-accident
232.jpg,non-accident
2320.jpg,non-accident
2321.jpg,non-accident
2322.jpg,non-accident
2323.jpg,non-accident
2324.jpg,non-accident
2325.jpg,non-accident
2326.jpg,non-accident
2327.jpg,non-accident
2328.jpg,non-accident
2329.jpg,non-accident
233.jpg,non-accident
2330.jpg,non-accident
2331.jpg,non-accident
2332.jpg,non-accident
2333.jpg,non-accident
2334.jpg,non-accident
2335.jpg,non-accident
2336.jpg,non-accident
2337.jpg,non-accident
2338.jpg,non-accident
2339.jpg,non-accident
234.jpg,non-accident
2340.jpg,non-accident
2341.jpg,non-accident
2342.jpg,non-accident
2343.jpg,non-accident
2344.jpg,non-accident
2345.jpg,non-accident
2346.jpg,non-accident
2347.jpg,non-accident
2348.jpg,non-accident
2349.jpg,non-accident
235.jpg,non-accident
2350.jpg,non-accident
2351.jpg,non-accident
2352.jpg,non-accident
2353.jpg,non-accident
2354.jpg,non-accident
2355.jpg,non-accident
2356.jpg,non-accident
2357.jpg,non-accident
2358.jpg,non-accident
2359.jpg,non-accident
236.jpg,non-accident
2360.jpg,non-accident
2361.jpg,non-accident
2362.jpg,non-accident
2363.jpg,non-accident
2364.jpg,non-accident
2365.jpg,non-accident
2366.jpg,non-accident
2367.jpg,non-accident
2368.jpg,non-accident
2369.jpg,non-accident
237.jpg,non-accident
2370.jpg,non-accident
2371.jpg,non-accident
2372.jpg,non-accident
2373.jpg,non-accident
2374.jpg,non-accident
2375.jpg,non-accident
2376.jpg,non-accident
2377.jpg,non-accident
2378.jpg,non-accident
2379.jpg,non-accident
238.jpg,non-accident
2380.jpg,non-accident
2381.jpg,non-accident
2382.jpg,non-accident
2383.jpg,non-accident
2384.jpg,non-accident
2385.jpg,non-accident
2386.jpg,non-accident
2387.jpg,non-accident
2388.jpg,non-accident
2389.jpg,non-accident
239.jpg,non-accident
2390.jpg,non-accident
2391.jpg,non-accident
2392.jpg,non-accident
2393.jpg,non-accident
2394.jpg,non-accident
2395.jpg,non-accident
2396.jpg,non-accident
2397.jpg,non-accident
2398.jpg,non-accident
2399.jpg,non-accident
24.jpg,non-accident
240.jpg,non-accident
2400.jpg,non-accident
2401.jpg,non-accident
2402.jpg,non-accident
2403.jpg,non-accident
2404.jpg,non-accident
2405.jpg,non-accident
2406.jpg,non-accident
2407.jpg,non-accident
2408.jpg,non-accident
2409.jpg,non-accident
241.jpg,non-accident
2410.jpg,non-accident
2411.jpg,non-accident
2412.jpg,non-accident
2413.jpg,non-accident
2414.jpg,non-accident
2415.jpg,non-accident
2416.jpg,non-accident
2417.jpg,non-accident
2418.jpg,non-accident
2419.jpg,non-accident
242.jpg,non-accident
2420.jpg,non-accident
2421.jpg,non-accident
2422.jpg,non-accident
2423.jpg,non-accident
2424.jpg,non-accident
2425.jpg,non-accident
2426.jpg,non-accident
2427.jpg,non-accident
2428.jpg,non-accident
2429.jpg,non-accident
243.jpg,non-accident
2430.jpg,non-accident
2431.jpg,non-accident
2432.jpg,non-accident
2433.jpg,non-accident
2434.jpg,non-accident
2435.jpg,non-accident
2436.jpg,non-accident
2437.jpg,non-accident
2438.jpg,non-accident
2439.jpg,non-accident
244.jpg,non-accident
2440.jpg,non-accident
2441.jpg,non-accident
2442.jpg,non-accident
2443.jpg,non-accident
2444.jpg,non-accident
2445.jpg,non-accident
2446.jpg,non-accident
2447.jpg,non-accident
2448.jpg,non-accident
2449.jpg,non-accident
245.jpg,non-accident
2450.jpg,non-accident
2451.jpg,non-accident
2452.jpg,non-accident
2453.jpg,non-accident
2454.jpg,non-accident
2455.jpg,non-accident
2456.jpg,non-accident
2457.jpg,non-accident
2458.jpg,non-accident
2459.jpg,non-accident
246.jpg,non-accident
2460.jpg,non-accident
2461.jpg,non-accident
2462.jpg,non-accident
2463.jpg,non-accident
2464.jpg,non-accident
2465.jpg,non-accident
2466.jpg,non-accident
2467.jpg,non-accident
2468.jpg,non-accident
2469.jpg,non-accident
247.jpg,non-accident
2470.jpg,non-accident
2471.jpg,non-accident
2472.jpg,non-accident
2473.jpg,non-accident
2474.jpg,non-accident
2475.jpg,non-accident
2476.jpg,non-accident
2477.jpg,non-accident
2478.jpg,non-accident
2479.jpg,non-accident
248.jpg,non-accident
2480.jpg,non-accident
2481.jpg,non-accident
2482.jpg,non-accident
2483.jpg,non-accident
2484.jpg,non-accident
2485.jpg,non-accident
2486.jpg,non-accident
2487.jpg,non-accident
2488.jpg,non-accident
2489.jpg,non-accident
249.jpg,non-accident
2490.jpg,non-accident
2491.jpg,non-accident
2492.jpg,non-accident
2493.jpg,non-accident
2494.jpg,non-accident
2495.jpg,non-accident
2496.jpg,non-accident
2497.jpg,non-accident
25.jpg,non-accident
250.jpg,non-accident
251.jpg,non-accident
252.jpg,non-accident
253.jpg,non-accident
254.jpg,non-accident
255.jpg,non-accident
256.jpg,non-accident
257.jpg,non-accident
258.jpg,non-accident
259.jpg,non-accident
26.jpg,non-accident
260.jpg,non-accident
261.jpg,non-accident
262.jpg,non-accident
263.jpg,non-accident
264.jpg,non-accident
265.jpg,non-accident
266.jpg,non-accident
267.jpg,non-accident
268.jpg,non-accident
269.jpg,non-accident
27.jpg,non-accident
270.jpg,non-accident
271.jpg,non-accident
272.jpg,non-accident
273.jpg,non-accident
274.jpg,non-accident
275.jpg,non-accident
276.jpg,non-accident
277.jpg,non-accident
278.jpg,non-accident
279.jpg,non-accident
28.jpg,non-accident
280.jpg,non-accident
281.jpg,non-accident
282.jpg,non-accident
283.jpg,non-accident
284.jpg,non-accident
285.jpg,non-accident
286.jpg,non-accident
287.jpg,non-accident
288.jpg,non-accident
289.jpg,non-accident
29.jpg,non-accident
290.jpg,non-accident
291.jpg,non-accident
292.jpg,non-accident
293.jpg,non-accident
294.jpg,non-accident
295.jpg,non-accident
296.jpg,non-accident
297.jpg,non-accident
298.jpg,non-accident
299.jpg,non-accident
3.jpg,non-accident
30.jpg,non-accident
300.jpg,non-accident
301.jpg,non-accident
302.jpg,non-accident
303.jpg,non-accident
304.jpg,non-accident
305.jpg,non-accident
306.jpg,non-accident
307.jpg,non-accident
308.jpg,non-accident
309.jpg,non-accident
31.jpg,non-accident
310.jpg,non-accident
311.jpg,non-accident
312.jpg,non-accident
313.jpg,non-accident
314.jpg,non-accident
315.jpg,non-accident
316.jpg,non-accident
317.jpg,non-accident
318.jpg,non-accident
319.jpg,non-accident
32.jpg,non-accident
320.jpg,non-accident
321.jpg,non-accident
322.jpg,non-accident
323.jpg,non-accident
324.jpg,non-accident
325.jpg,non-accident
326.jpg,non-accident
327.jpg,non-accident
328.jpg,non-accident
329.jpg,non-accident
33.jpg,non-accident
330.jpg,non-accident
331.jpg,non-accident
332.jpg,non-accident
333.jpg,non-accident
334.jpg,non-accident
335.jpg,non-accident
336.jpg,non-accident
337.jpg,non-accident
338.jpg,non-accident
339.jpg,non-accident
34.jpg,non-accident
340.jpg,non-accident
341.jpg,non-accident
342.jpg,non-accident
343.jpg,non-accident
344.jpg,non-accident
345.jpg,non-accident
346.jpg,non-accident
347.jpg,non-accident
348.jpg,non-accident
349.jpg,non-accident
35.jpg,non-accident
350.jpg,non-accident
351.jpg,non-accident
352.jpg,non-accident
353.jpg,non-accident
354.jpg,non-accident
355.jpg,non-accident
356.jpg,non-accident
357.jpg,non-accident
358.jpg,non-accident
359.jpg,non-accident
36.jpg,non-accident
360.jpg,non-accident
361.jpg,non-accident
362.jpg,non-accident
363.jpg,non-accident
364.jpg,non-accident
365.jpg,non-accident
366.jpg,non-accident
367.jpg,non-accident
368.jpg,non-accident
369.jpg,non-accident
37.jpg,non-accident
370.jpg,non-accident
371.jpg,non-accident
372.jpg,non-accident
373.jpg,non-accident
374.jpg,non-accident
375.jpg,non-accident
376.jpg,non-accident
377.jpg,non-accident
378.jpg,non-accident
379.jpg,non-accident
38.jpg,non-accident
380.jpg,non-accident
381.jpg,non-accident
382.jpg,non-accident
383.jpg,non-accident
384.jpg,non-accident
385.jpg,non-accident
386.jpg,non-accident
387.jpg,non-accident
388.jpg,non-accident
389.jpg,non-accident
39.jpg,non-accident
390.jpg,non-accident
391.jpg,non-accident
392.jpg,non-accident
393.jpg,non-accident
394.jpg,non-accident
395.jpg,non-accident
396.jpg,non-accident
397.jpg,non-accident
398.jpg,non-accident
399.jpg,non-accident
4.jpg,non-accident
40.jpg,non-accident
400.jpg,non-accident
401.jpg,non-accident
402.jpg,non-accident
403.jpg,non-accident
404.jpg,non-accident
405.jpg,non-accident
406.jpg,non-accident
407.jpg,non-accident
408.jpg,non-accident
409.jpg,non-accident
41.jpg,non-accident
410.jpg,non-accident
411.jpg,non-accident
412.jpg,non-accident
413.jpg,non-accident
414.jpg,non-accident
415.jpg,non-accident
416.jpg,non-accident
417.jpg,non-accident
418.jpg,non-accident
419.jpg,non-accident
42.jpg,non-accident
420.jpg,non-accident
421.jpg,non-accident
422.jpg,non-accident
423.jpg,non-accident
424.jpg,non-accident
425.jpg,non-accident
426.jpg,non-accident
427.jpg,non-accident
428.jpg,non-accident
429.jpg,non-accident
43.jpg,non-accident
430.jpg,non-accident
431.jpg,non-accident
432.jpg,non-accident
433.jpg,non-accident
434.jpg,non-accident
435.jpg,non-accident
436.jpg,non-accident
437.jpg,non-accident
438.jpg,non-accident
439.jpg,non-accident
44.jpg,non-accident
440.jpg,non-accident
441.jpg,non-accident
442.jpg,non-accident
443.jpg,non-accident
444.jpg,non-accident
445.jpg,non-accident
446.jpg,non-accident
447.jpg,non-accident
448.jpg,non-accident
449.jpg,non-accident
45.jpg,non-accident
450.jpg,non-accident
451.jpg,non-accident
452.jpg,non-accident
453.jpg,non-accident
454.jpg,non-accident
455.jpg,non-accident
456.jpg,non-accident
457.jpg,non-accident
458.jpg,non-accident
459.jpg,non-accident
46.jpg,non-accident
460.jpg,non-accident
461.jpg,non-accident
462.jpg,non-accident
463.jpg,non-accident
464.jpg,non-accident
465.jpg,non-accident
466.jpg,non-accident
467.jpg,non-accident
468.jpg,non-accident
469.jpg,non-accident
47.jpg,non-accident
470.jpg,non-accident
471.jpg,non-accident
472.jpg,non-accident
473.jpg,non-accident
474.jpg,non-accident
475.jpg,non-accident
476.jpg,non-accident
477.jpg,non-accident
478.jpg,non-accident
479.jpg,non-accident
48.jpg,non-accident
480.jpg,non-accident
481.jpg,non-accident
482.jpg,non-accident
483.jpg,non-accident
484.jpg,non-accident
485.jpg,non-accident
486.jpg,non-accident
487.jpg,non-accident
488.jpg,non-accident
489.jpg,non-accident
49.jpg,non-accident
490.jpg,non-accident
491.jpg,non-accident
492.jpg,non-accident
493.jpg,non-accident
494.jpg,non-accident
495.jpg,non-accident
496.jpg,non-accident
497.jpg,non-accident
498.jpg,non-accident
499.jpg,non-accident
5.jpg,non-accident
50.jpg,non-accident
500.jpg,non-accident
501.jpg,non-accident
502.jpg,non-accident
503.jpg,non-accident
504.jpg,non-accident
505.jpg,non-accident
506.jpg,non-accident
507.jpg,non-accident
508.jpg,non-accident
509.jpg,non-accident
51.jpg,non-accident
510.jpg,non-accident
511.jpg,non-accident
512.jpg,non-accident
513.jpg,non-accident
514.jpg,non-accident
515.jpg,non-accident
516.jpg,non-accident
517.jpg,non-accident
518.jpg,non-accident
519.jpg,non-accident
52.jpg,non-accident
520.jpg,non-accident
521.jpg,non-accident
522.jpg,non-accident
523.jpg,non-accident
524.jpg,non-accident
525.jpg,non-accident
526.jpg,non-accident
527.jpg,non-accident
528.jpg,non-accident
529.jpg,non-accident
53.jpg,non-accident
530.jpg,non-accident
531.jpg,non-accident
532.jpg,non-accident
533.jpg,non-accident
534.jpg,non-accident
535.jpg,non-accident
536.jpg,non-accident
537.jpg,non-accident
538.jpg,non-accident
539.jpg,non-accident
54.jpg,non-accident
540.jpg,non-accident
541.jpg,non-accident
542.jpg,non-accident
543.jpg,non-accident
544.jpg,non-accident
545.jpg,non-accident
546.jpg,non-accident
547.jpg,non-accident
548.jpg,non-accident
549.jpg,non-accident
55.jpg,non-accident
550.jpg,non-accident
551.jpg,non-accident
552.jpg,non-accident
553.jpg,non-accident
554.jpg,non-accident
555.jpg,non-accident
556.jpg,non-accident
557.jpg,non-accident
558.jpg,non-accident
559.jpg,non-accident
56.jpg,non-accident
560.jpg,non-accident
561.jpg,non-accident
562.jpg,non-accident
563.jpg,non-accident
564.jpg,non-accident
565.jpg,non-accident
566.jpg,non-accident
567.jpg,non-accident
568.jpg,non-accident
569.jpg,non-accident
57.jpg,non-accident
570.jpg,non-accident
571.jpg,non-accident
572.jpg,non-accident
573.jpg,non-accident
574.jpg,non-accident
575.jpg,non-accident
576.jpg,non-accident
577.jpg,non-accident
578.jpg,non-accident
579.jpg,non-accident
58.jpg,non-accident
580.jpg,non-accident
581.jpg,non-accident
582.jpg,non-accident
583.jpg,non-accident
584.jpg,non-accident
585.jpg,non-accident
586.jpg,non-accident
587.jpg,non-accident
588.jpg,non-accident
589.jpg,non-accident
59.jpg,non-accident
590.jpg,non-accident
591.jpg,non-accident
592.jpg,non-accident
593.jpg,non-accident
594.jpg,non-accident
595.jpg,non-accident
596.jpg,non-accident
597.jpg,non-accident
598.jpg,non-accident
599.jpg,non-accident
6.jpg,non-accident
60.jpg,non-accident
600.jpg,non-accident
601.jpg,non-accident
602.jpg,non-accident
603.jpg,non-accident
604.jpg,non-accident
605.jpg,non-accident
606.jpg,non-accident
607.jpg,non-accident
608.jpg,non-accident
609.jpg,non-accident
61.jpg,non-accident
610.jpg,non-accident
611.jpg,non-accident
612.jpg,non-accident
613.jpg,non-accident
614.jpg,non-accident
615.jpg,non-accident
616.jpg,non-accident
617.jpg,non-accident
618.jpg,non-accident
619.jpg,non-accident
62.jpg,non-accident
620.jpg,non-accident
621.jpg,non-accident
622.jpg,non-accident
623.jpg,non-accident
624.jpg,non-accident
625.jpg,non-accident
626.jpg,non-accident
627.jpg,non-accident
628.jpg,non-accident
629.jpg,non-accident
63.jpg,non-accident
630.jpg,non-accident
631.jpg,non-accident
632.jpg,non-accident
633.jpg,non-accident
634.jpg,non-accident
635.jpg,non-accident
636.jpg,non-accident
637.jpg,non-accident
638.jpg,non-accident
639.jpg,non-accident
64.jpg,non-accident
640.jpg,non-accident
641.jpg,non-accident
642.jpg,non-accident
643.jpg,non-accident
644.jpg,non-accident
645.jpg,non-accident
646.jpg,non-accident
647.jpg,non-accident
648.jpg,non-accident
649.jpg,non-accident
65.jpg,non-accident
650.jpg,non-accident
651.jpg,non-accident
652.jpg,non-accident
653.jpg,non-accident
654.jpg,non-accident
655.jpg,non-accident
656.jpg,non-accident
657.jpg,non-accident
658.jpg,non-accident
659.jpg,non-accident
66.jpg,non-accident
660.jpg,non-accident
661.jpg,non-accident
662.jpg,non-accident
663.jpg,non-accident
664.jpg,non-accident
665.jpg,non-accident
666.jpg,non-accident
667.jpg,non-accident
668.jpg,non-accident
669.jpg,non-accident
67.jpg,non-accident
670.jpg,non-accident
671.jpg,non-accident
672.jpg,non-accident
673.jpg,non-accident
674.jpg,non-accident
675.jpg,non-accident
676.jpg,non-accident
677.jpg,non-accident
678.jpg,non-accident
679.jpg,non-accident
68.jpg,non-accident
680.jpg,non-accident
681.jpg,non-accident
682.jpg,non-accident
683.jpg,non-accident
684.jpg,non-accident
685.jpg,non-accident
686.jpg,non-accident
687.jpg,non-accident
688.jpg,non-accident
689.jpg,non-accident
69.jpg,non-accident
690.jpg,non-accident
691.jpg,non-accident
692.jpg,non-accident
693.jpg,non-accident
694.jpg,non-accident
695.jpg,non-accident
696.jpg,non-accident
697.jpg,non-accident
698.jpg,non-accident
699.jpg,non-accident
7.jpg,non-accident
70.jpg,non-accident
700.jpg,non-accident
701.jpg,non-accident
702.jpg,non-accident
703.jpg,non-accident
704.jpg,non-accident
705.jpg,non-accident
706.jpg,non-accident
707.jpg,non-accident
708.jpg,non-accident
709.jpg,non-accident
71.jpg,non-accident
710.jpg,non-accident
711.jpg,non-accident
712.jpg,non-accident
713.jpg,non-accident
714.jpg,non-accident
715.jpg,non-accident
716.jpg,non-accident
717.jpg,non-accident
718.jpg,non-accident
719.jpg,non-accident
72.jpg,non-accident
720.jpg,non-accident
721.jpg,non-accident
722.jpg,non-accident
723.jpg,non-accident
724.jpg,non-accident
725.jpg,non-accident
726.jpg,non-accident
727.jpg,non-accident
728.jpg,non-accident
729.jpg,non-accident
73.jpg,non-accident
730.jpg,non-accident
731.jpg,non-accident
732.jpg,non-accident
733.jpg,non-accident
734.jpg,non-accident
735.jpg,non-accident
736.jpg,non-accident
737.jpg,non-accident
738.jpg,non-accident
739.jpg,non-accident
74.jpg,non-accident
740.jpg,non-accident
741.jpg,non-accident
742.jpg,non-accident
743.jpg,non-accident
744.jpg,non-accident
745.jpg,non-accident
746.jpg,non-accident
747.jpg,non-accident
748.jpg,non-accident
749.jpg,non-accident
75.jpg,non-accident
750.jpg,non-accident
751.jpg,non-accident
752.jpg,non-accident
753.jpg,non-accident
754.jpg,non-accident
755.jpg,non-accident
756.jpg,non-accident
757.jpg,non-accident
758.jpg,non-accident
759.jpg,non-accident
76.jpg,non-accident
760.jpg,non-accident
761.jpg,non-accident
762.jpg,non-accident
763.jpg,non-accident
764.jpg,non-accident
765.jpg,non-accident
766.jpg,non-accident
767.jpg,non-accident
768.jpg,non-accident
769.jpg,non-accident
77.jpg,non-accident
770.jpg,non-accident
771.jpg,non-accident
772.jpg,non-accident
773.jpg,non-accident
774.jpg,non-accident
775.jpg,non-accident
776.jpg,non-accident
777.jpg,non-accident
778.jpg,non-accident
779.jpg,non-accident
78.jpg,non-accident
780.jpg,non-accident
781.jpg,non-accident
782.jpg,non-accident
783.jpg,non-accident
784.jpg,non-accident
785.jpg,non-accident
786.jpg,non-accident
787.jpg,non-accident
788.jpg,non-accident
789.jpg,non-accident
79.jpg,non-accident
790.jpg,non-accident
791.jpg,non-accident
792.jpg,non-accident
793.jpg,non-accident
794.jpg,non-accident
795.jpg,non-accident
796.jpg,non-accident
797.jpg,non-accident
798.jpg,non-accident
799.jpg,non-accident
8.jpg,non-accident
80.jpg,non-accident
800.jpg,non-accident
801.jpg,non-accident
802.jpg,non-accident
803.jpg,non-accident
804.jpg,non-accident
805.jpg,non-accident
806.jpg,non-accident
807.jpg,non-accident
808.jpg,non-accident
809.jpg,non-accident
81.jpg,non-accident
810.jpg,non-accident
811.jpg,non-accident
812.jpg,non-accident
813.jpg,non-accident
814.jpg,non-accident
815.jpg,non-accident
816.jpg,non-accident
817.jpg,non-accident
818.jpg,non-accident
819.jpg,non-accident
82.jpg,non-accident
820.jpg,non-accident
821.jpg,non-accident
822.jpg,non-accident
823.jpg,non-accident
824.jpg,non-accident
825.jpg,non-accident
826.jpg,non-accident
827.jpg,non-accident
828.jpg,non-accident
829.jpg,non-accident
83.jpg,non-accident
830.jpg,non-accident
831.jpg,non-accident
832.jpg,non-accident
833.jpg,non-accident
834.jpg,non-accident
835.jpg,non-accident
836.jpg,non-accident
837.jpg,non-accident
838.jpg,non-accident
839.jpg,non-accident
84.jpg,non-accident
840.jpg,non-accident
841.jpg,non-accident
842.jpg,non-accident
843.jpg,non-accident
844.jpg,non-accident
845.jpg,non-accident
846.jpg,non-accident
847.jpg,non-accident
848.jpg,non-accident
849.jpg,non-accident
85.jpg,non-accident
850.jpg,non-accident
851.jpg,non-accident
852.jpg,non-accident
853.jpg,non-accident
854.jpg,non-accident
855.jpg,non-accident
856.jpg,non-accident
857.jpg,non-accident
858.jpg,non-accident
859.jpg,non-accident
86.jpg,non-accident
860.jpg,non-accident
861.jpg,non-accident
862.jpg,non-accident
863.jpg,non-accident
864.jpg,non-accident
865.jpg,non-accident
866.jpg,non-accident
867.jpg,non-accident
868.jpg,non-accident
869.jpg,non-accident
87.jpg,non-accident
870.jpg,non-accident
871.jpg,non-accident
872.jpg,non-accident
873.jpg,non-accident
874.jpg,non-accident
875.jpg,non-accident
876.jpg,non-accident
877.jpg,non-accident
878.jpg,non-accident
879.jpg,non-accident
88.jpg,non-accident
880.jpg,non-accident
881.jpg,non-accident
882.jpg,non-accident
883.jpg,non-accident
884.jpg,non-accident
885.jpg,non-accident
886.jpg,non-accident
887.jpg,non-accident
888.jpg,non-accident
889.jpg,non-accident
89.jpg,non-accident
890.jpg,non-accident
891.jpg,non-accident
892.jpg,non-accident
893.jpg,non-accident
894.jpg,non-accident
895.jpg,non-accident
896.jpg,non-accident
897.jpg,non-accident
898.jpg,non-accident
899.jpg,non-accident
9.jpg,non-accident
90.jpg,non-accident
900.jpg,non-accident
901.jpg,non-accident
902.jpg,non-accident
903.jpg,non-accident
904.jpg,non-accident
905.jpg,non-accident
906.jpg,non-accident
907.jpg,non-accident
908.jpg,non-accident
909.jpg,non-accident
91.jpg,non-accident
910.jpg,non-accident
911.jpg,non-accident
912.jpg,non-accident
913.jpg,non-accident
914.jpg,non-accident
915.jpg,non-accident
916.jpg,non-accident
917.jpg,non-accident
918.jpg,non-accident
919.jpg,non-accident
92.jpg,non-accident
920.jpg,non-accident
921.jpg,non-accident
922.jpg,non-accident
923.jpg,non-accident
924.jpg,non-accident
925.jpg,non-accident
926.jpg,non-accident
927.jpg,non-accident
928.jpg,non-accident
929.jpg,non-accident
93.jpg,non-accident
930.jpg,non-accident
931.jpg,non-accident
932.jpg,non-accident
933.jpg,non-accident
934.jpg,non-accident
935.jpg,non-accident
936.jpg,non-accident
937.jpg,non-accident
938.jpg,non-accident
939.jpg,non-accident
94.jpg,non-accident
940.jpg,non-accident
941.jpg,non-accident
942.jpg,non-accident
943.jpg,non-accident
944.jpg,non-accident
945.jpg,non-accident
946.jpg,non-accident
947.jpg,non-accident
948.jpg,non-accident
949.jpg,non-accident
95.jpg,non-accident
950.jpg,non-accident
951.jpg,non-accident
952.jpg,non-accident
953.jpg,non-accident
954.jpg,non-accident
955.jpg,non-accident
956.jpg,non-accident
957.jpg,non-accident
958.jpg,non-accident
959.jpg,non-accident
96.jpg,non-accident
960.jpg,non-accident
961.jpg,non-accident
962.jpg,non-accident
963.jpg,non-accident
964.jpg,non-accident
965.jpg,non-accident
966.jpg,non-accident
967.jpg,non-accident
968.jpg,non-accident
969.jpg,non-accident
97.jpg,non-accident
970.jpg,non-accident
971.jpg,non-accident
972.jpg,non-accident
973.jpg,non-accident
974.jpg,non-accident
975.jpg,non-accident
976.jpg,non-accident
977.jpg,non-accident
978.jpg,non-accident
979.jpg,non-accident
98.jpg,non-accident
980.jpg,non-accident
981.jpg,non-accident
982.jpg,non-accident
983.jpg,non-accident
984.jpg,non-accident
985.jpg,non-accident
986.jpg,non-accident
987.jpg,non-accident
988.jpg,non-accident
989.jpg,non-accident
99.jpg,non-accident
990.jpg,non-accident
991.jpg,non-accident
992.jpg,non-accident
993.jpg,non-accident
994.jpg,non-accident
995.jpg,non-accident
996.jpg,non-accident
997.jpg,non-accident
998.jpg,non-accident
999.jpg,non-accident
